Timestamp,Date,Mcap
1511913600,2017-11-29,110105
1512000000,2017-11-30,110105
1512086400,2017-12-01,110105
1512172800,2017-12-02,110105
1512259200,2017-12-03,110105
1512345600,2017-12-04,110105
1512432000,2017-12-05,110105
1512518400,2017-12-06,110105
1512604800,2017-12-07,110105
1512691200,2017-12-08,110105
1512777600,2017-12-09,110105
1512864000,2017-12-10,110105
1512950400,2017-12-11,110105
1513036800,2017-12-12,110105
1513123200,2017-12-13,110105
1513209600,2017-12-14,110105
1513296000,2017-12-15,110105
1513382400,2017-12-16,110105
1513468800,2017-12-17,110105
1513555200,2017-12-18,110105
1513641600,2017-12-19,110105
1513728000,2017-12-20,110105
1513814400,2017-12-21,110105
1513900800,2017-12-22,110105
1513987200,2017-12-23,110105
1514073600,2017-12-24,110105
1514160000,2017-12-25,110105
1514246400,2017-12-26,110105
1514332800,2017-12-27,110105
1514419200,2017-12-28,110105
1514505600,2017-12-29,110105
1514592000,2017-12-30,110105
1514678400,2017-12-31,110105
1514764800,2018-01-01,110105
1514851200,2018-01-02,110105
1514937600,2018-01-03,110105
1515024000,2018-01-04,110105
1515110400,2018-01-05,110105
1515196800,2018-01-06,110105
1515283200,2018-01-07,110105
1515369600,2018-01-08,110105
1515456000,2018-01-09,110105
1515542400,2018-01-10,110105
1515628800,2018-01-11,30146817
1515715200,2018-01-12,30146817
1515801600,2018-01-13,30146817
1515888000,2018-01-14,30146817
1515974400,2018-01-15,30146817
1516060800,2018-01-16,30146817
1516147200,2018-01-17,30146817
1516233600,2018-01-18,30146817
1516320000,2018-01-19,30146817
1516406400,2018-01-20,30146817
1516492800,2018-01-21,30146817
1516579200,2018-01-22,30146817
1516665600,2018-01-23,30146817
1516752000,2018-01-24,30146817
1516838400,2018-01-25,30146817
1516924800,2018-01-26,30146817
1517011200,2018-01-27,30146817
1517097600,2018-01-28,30146817
1517184000,2018-01-29,60183528
1517270400,2018-01-30,60183528
1517356800,2018-01-31,60183528
1517443200,2018-02-01,60183528
1517529600,2018-02-02,60183528
1517616000,2018-02-03,60183528
1517702400,2018-02-04,60183528
1517788800,2018-02-05,60183528
1517875200,2018-02-06,60183528
1517961600,2018-02-07,60183528
1518048000,2018-02-08,60183528
1518134400,2018-02-09,60183528
1518220800,2018-02-10,60183528
1518307200,2018-02-11,60183528
1518393600,2018-02-12,60183528
1518480000,2018-02-13,60183528
1518566400,2018-02-14,60183528
1518652800,2018-02-15,60183528
1518739200,2018-02-16,60183528
1518825600,2018-02-17,60183528
1518912000,2018-02-18,60183528
1518998400,2018-02-19,60183528
1519084800,2018-02-20,60183528
1519171200,2018-02-21,60183528
1519257600,2018-02-22,60183528
1519344000,2018-02-23,60183528
1519430400,2018-02-24,60183528
1519516800,2018-02-25,60183528
1519603200,2018-02-26,60183528
1519689600,2018-02-27,60183528
1519776000,2018-02-28,60183528
1519862400,2018-03-01,60183528
1519948800,2018-03-02,60183528
1520035200,2018-03-03,60183528
1520121600,2018-03-04,60183528
1520208000,2018-03-05,60183528
1520294400,2018-03-06,60183528
1520380800,2018-03-07,60183528
1520467200,2018-03-08,60183528
1520553600,2018-03-09,60183528
1520640000,2018-03-10,60183528
1520726400,2018-03-11,60183528
1520812800,2018-03-12,60183528
1520899200,2018-03-13,60183528
1520985600,2018-03-14,60183528
1521072000,2018-03-15,60183528
1521158400,2018-03-16,60183528
1521244800,2018-03-17,60183528
1521331200,2018-03-18,60183528
1521417600,2018-03-19,60183528
1521504000,2018-03-20,60183528
1521590400,2018-03-21,60183528
1521676800,2018-03-22,60183528
1521763200,2018-03-23,60183528
1521849600,2018-03-24,60183528
1521936000,2018-03-25,60183528
1522022400,2018-03-26,60183528
1522108800,2018-03-27,60183528
1522195200,2018-03-28,60183528
1522281600,2018-03-29,60183528
1522368000,2018-03-30,60183528
1522454400,2018-03-31,60183528
1522540800,2018-04-01,60183528
1522627200,2018-04-02,60183528
1522713600,2018-04-03,60183528
1522800000,2018-04-04,60183528
1522886400,2018-04-05,60183528
1522972800,2018-04-06,60183528
1523059200,2018-04-07,60183528
1523145600,2018-04-08,60183528
1523232000,2018-04-09,60183528
1523318400,2018-04-10,60183528
1523404800,2018-04-11,60183528
1523491200,2018-04-12,60183528
1523577600,2018-04-13,60183528
1523664000,2018-04-14,60183528
1523750400,2018-04-15,60183528
1523836800,2018-04-16,60183528
1523923200,2018-04-17,60183528
1524009600,2018-04-18,60183528
1524096000,2018-04-19,60183528
1524182400,2018-04-20,60183528
1524268800,2018-04-21,60183528
1524355200,2018-04-22,60183528
1524441600,2018-04-23,60183528
1524528000,2018-04-24,60183528
1524614400,2018-04-25,60183528
1524700800,2018-04-26,60183528
1524787200,2018-04-27,60183528
1524873600,2018-04-28,60183528
1524960000,2018-04-29,60183528
1525046400,2018-04-30,60183528
1525132800,2018-05-01,60183528
1525219200,2018-05-02,60183528
1525305600,2018-05-03,60183528
1525392000,2018-05-04,60183528
1525478400,2018-05-05,60183528
1525564800,2018-05-06,60183528
1525651200,2018-05-07,60183528
1525737600,2018-05-08,60183528
1525824000,2018-05-09,60183528
1525910400,2018-05-10,60183528
1525996800,2018-05-11,60183528
1526083200,2018-05-12,60183528
1526169600,2018-05-13,60183528
1526256000,2018-05-14,60183528
1526342400,2018-05-15,60183528
1526428800,2018-05-16,60183528
1526515200,2018-05-17,60183528
1526601600,2018-05-18,60183528
1526688000,2018-05-19,60183528
1526774400,2018-05-20,60183528
1526860800,2018-05-21,60183528
1526947200,2018-05-22,60183528
1527033600,2018-05-23,60183528
1527120000,2018-05-24,60183528
1527206400,2018-05-25,60183528
1527292800,2018-05-26,60183528
1527379200,2018-05-27,60183528
1527465600,2018-05-28,60183528
1527552000,2018-05-29,60183528
1527638400,2018-05-30,60183528
1527724800,2018-05-31,60183528
1527811200,2018-06-01,60183528
1527897600,2018-06-02,60183528
1527984000,2018-06-03,60183528
1528070400,2018-06-04,60183528
1528156800,2018-06-05,60183528
1528243200,2018-06-06,60183528
1528329600,2018-06-07,60183528
1528416000,2018-06-08,60183528
1528502400,2018-06-09,60183528
1528588800,2018-06-10,60183060
1528675200,2018-06-11,60183060
1528761600,2018-06-12,60183060
1528848000,2018-06-13,60183060
1528934400,2018-06-14,60183060
1529020800,2018-06-15,60183060
1529107200,2018-06-16,60183060
1529193600,2018-06-17,60183060
1529280000,2018-06-18,60183060
1529366400,2018-06-19,60183060
1529452800,2018-06-20,60183060
1529539200,2018-06-21,60183060
1529625600,2018-06-22,60183060
1529712000,2018-06-23,60183060
1529798400,2018-06-24,60183060
1529884800,2018-06-25,60183060
1529971200,2018-06-26,60183060
1530057600,2018-06-27,60183060
1530144000,2018-06-28,60183060
1530230400,2018-06-29,60183060
1530316800,2018-06-30,60183060
1530403200,2018-07-01,60183060
1530489600,2018-07-02,60183060
1530576000,2018-07-03,60183060
1530662400,2018-07-04,60183060
1530748800,2018-07-05,60183060
1530835200,2018-07-06,60183060
1530921600,2018-07-07,60183060
1531008000,2018-07-08,60183060
1531094400,2018-07-09,60183060
1531180800,2018-07-10,60183060
1531267200,2018-07-11,60183060
1531353600,2018-07-12,60183060
1531440000,2018-07-13,60183060
1531526400,2018-07-14,60183060
1531612800,2018-07-15,60183060
1531699200,2018-07-16,60183060
1531785600,2018-07-17,60183060
1531872000,2018-07-18,60183060
1531958400,2018-07-19,60183060
1532044800,2018-07-20,60183060
1532131200,2018-07-21,60183060
1532217600,2018-07-22,60183060
1532304000,2018-07-23,60183060
1532390400,2018-07-24,60183060
1532476800,2018-07-25,60183060
1532563200,2018-07-26,60183060
1532649600,2018-07-27,60183060
1532736000,2018-07-28,60183060
1532822400,2018-07-29,30146348
1532908800,2018-07-30,30146348
1532995200,2018-07-31,15127992
1533081600,2018-08-01,15127992
1533168000,2018-08-02,15127992
1533254400,2018-08-03,15127992
1533340800,2018-08-04,15127992
1533427200,2018-08-05,15127992
1533513600,2018-08-06,15127992
1533600000,2018-08-07,15127992
1533686400,2018-08-08,15127992
1533772800,2018-08-09,15127992
1533859200,2018-08-10,15127992
1533945600,2018-08-11,15127992
1534032000,2018-08-12,15127992
1534118400,2018-08-13,15127992
1534204800,2018-08-14,15127992
1534291200,2018-08-15,15127992
1534377600,2018-08-16,15127992
1534464000,2018-08-17,15127992
1534550400,2018-08-18,15127992
1534636800,2018-08-19,15127992
1534723200,2018-08-20,15127992
1534809600,2018-08-21,15127992
1534896000,2018-08-22,15127992
1534982400,2018-08-23,15127992
1535068800,2018-08-24,15127992
1535155200,2018-08-25,15127992
1535241600,2018-08-26,15127992
1535328000,2018-08-27,15127992
1535414400,2018-08-28,15127992
1535500800,2018-08-29,15127992
1535587200,2018-08-30,15127992
1535673600,2018-08-31,15127992
1535760000,2018-09-01,15127992
1535846400,2018-09-02,15127992
1535932800,2018-09-03,15127992
1536019200,2018-09-04,15127992
1536105600,2018-09-05,15127992
1536192000,2018-09-06,25140229
1536278400,2018-09-07,25140229
1536364800,2018-09-08,25140229
1536451200,2018-09-09,25140229
1536537600,2018-09-10,25140229
1536624000,2018-09-11,25140712
1536710400,2018-09-12,25392059
1536796800,2018-09-13,25391909
1536883200,2018-09-14,25392287
1536969600,2018-09-15,25392287
1537056000,2018-09-16,25392287
1537142400,2018-09-17,25392287
1537228800,2018-09-18,25392985
1537315200,2018-09-19,26695998
1537401600,2018-09-20,26696474
1537488000,2018-09-21,33244652
1537574400,2018-09-22,36823224
1537660800,2018-09-23,37324488
1537747200,2018-09-24,37324488
1537833600,2018-09-25,38337242
1537920000,2018-09-26,38337244
1538006400,2018-09-27,40453806
1538092800,2018-09-28,42437155
1538179200,2018-09-29,43376361
1538265600,2018-09-30,43376612
1538352000,2018-10-01,43376902
1538438400,2018-10-02,45388458
1538524800,2018-10-03,45388413
1538611200,2018-10-04,56823466
1538697600,2018-10-05,57993366
1538784000,2018-10-06,61183499
1538870400,2018-10-07,61183499
1538956800,2018-10-08,61183499
1539043200,2018-10-09,60182585
1539129600,2018-10-10,61552635
1539216000,2018-10-11,61360426
1539302400,2018-10-12,61746551
1539388800,2018-10-13,69255061
1539475200,2018-10-14,71929080
1539561600,2018-10-15,71929080
1539648000,2018-10-16,95242214
1539734400,2018-10-17,109711981
1539820800,2018-10-18,122669962
1539907200,2018-10-19,122417341
1539993600,2018-10-20,135981662
1540080000,2018-10-21,141215783
1540166400,2018-10-22,141215783
1540252800,2018-10-23,151222891
1540339200,2018-10-24,217243483
1540425600,2018-10-25,257103694
1540512000,2018-10-26,256515556
1540598400,2018-10-27,268778019
1540684800,2018-10-28,268894610
1540771200,2018-10-29,268869717
1540857600,2018-10-30,267841334
1540944000,2018-10-31,275451032
1541030400,2018-11-01,272496133
1541116800,2018-11-02,269210269
1541203200,2018-11-03,292132329
1541289600,2018-11-04,294058745
1541376000,2018-11-05,294033663
1541462400,2018-11-06,298266865
1541548800,2018-11-07,297779746
1541635200,2018-11-08,297547742
1541721600,2018-11-09,298054793
1541808000,2018-11-10,296708736
1541894400,2018-11-11,296708736
1541980800,2018-11-12,296021541
1542067200,2018-11-13,292118871
1542153600,2018-11-14,297041913
1542240000,2018-11-15,298967249
1542326400,2018-11-16,299882149
1542412800,2018-11-17,302927985
1542499200,2018-11-18,303953268
1542585600,2018-11-19,304152930
1542672000,2018-11-20,305428397
1542758400,2018-11-21,319244242
1542844800,2018-11-22,326123561
1542931200,2018-11-23,328024067
1543017600,2018-11-24,333262459
1543104000,2018-11-25,332267337
1543190400,2018-11-26,332211506
1543276800,2018-11-27,328550722
1543363200,2018-11-28,330659499
1543449600,2018-11-29,334987955
1543536000,2018-11-30,345832863
1543622400,2018-12-01,367519554
1543708800,2018-12-02,369083999
1543795200,2018-12-03,369085002
1543881600,2018-12-04,387312583
1543968000,2018-12-05,378001146
1544054400,2018-12-06,366256061
1544140800,2018-12-07,374919629
1544227200,2018-12-08,381748881
1544313600,2018-12-09,385657550
1544400000,2018-12-10,385820136
1544486400,2018-12-11,387395091
1544572800,2018-12-12,380981952
1544659200,2018-12-13,376954688
1544745600,2018-12-14,374938970
1544832000,2018-12-15,381787156
1544918400,2018-12-16,382039817
1545004800,2018-12-17,382024207
1545091200,2018-12-18,389327690
1545177600,2018-12-19,389560575
1545264000,2018-12-20,397844173
1545350400,2018-12-21,401433768
1545436800,2018-12-22,410390308
1545523200,2018-12-23,410363119
1545609600,2018-12-24,410339228
1545696000,2018-12-25,409321624
1545782400,2018-12-26,409367177
1545868800,2018-12-27,406994580
1545955200,2018-12-28,412902606
1546041600,2018-12-29,413094578
1546128000,2018-12-30,417643665
1546214400,2018-12-31,417700790
1546300800,2019-01-01,418703521
1546387200,2019-01-02,426564734
1546473600,2019-01-03,441434210
1546560000,2019-01-04,445431053
1546646400,2019-01-05,656909286
1546732800,2019-01-06,657861457
1546819200,2019-01-07,668087068
1546905600,2019-01-08,678079080
1546992000,2019-01-09,686145503
1547078400,2019-01-10,703514341
1547164800,2019-01-11,705507303
1547251200,2019-01-12,714602945
1547337600,2019-01-13,724437741
1547424000,2019-01-14,731674142
1547510400,2019-01-15,731738122
1547596800,2019-01-16,729362226
1547683200,2019-01-17,686093928
1547769600,2019-01-18,686127156
1547856000,2019-01-19,693185573
1547942400,2019-01-20,697968355
1548028800,2019-01-21,697915422
1548115200,2019-01-22,699320588
1548201600,2019-01-23,702324563
1548288000,2019-01-24,683428650
1548374400,2019-01-25,694331096
1548460800,2019-01-26,695918449
1548547200,2019-01-27,694057902
1548633600,2019-01-28,699972823
1548720000,2019-01-29,684559282
1548806400,2019-01-30,679941687
1548892800,2019-01-31,677980073
1548979200,2019-02-01,656437527
1549065600,2019-02-02,656405523
1549152000,2019-02-03,654566639
1549238400,2019-02-04,654848641
1549324800,2019-02-05,643315124
1549411200,2019-02-06,642871918
1549497600,2019-02-07,640843963
1549584000,2019-02-08,627132420
1549670400,2019-02-09,611597009
1549756800,2019-02-10,611475070
1549843200,2019-02-11,610173404
1549929600,2019-02-12,610558760
1550016000,2019-02-13,609291859
1550102400,2019-02-14,593576990
1550188800,2019-02-15,594209466
1550275200,2019-02-16,593853461
1550361600,2019-02-17,593390804
1550448000,2019-02-18,592819777
1550534400,2019-02-19,591365386
1550620800,2019-02-20,592981188
1550707200,2019-02-21,592856781
1550793600,2019-02-22,575529414
1550880000,2019-02-23,607983506
1550966400,2019-02-24,607429188
1551052800,2019-02-25,606147704
1551139200,2019-02-26,604917530
1551225600,2019-02-27,607194119
1551312000,2019-02-28,608018395
1551398400,2019-03-01,604631801
1551484800,2019-03-02,609457831
1551571200,2019-03-03,614875880
1551657600,2019-03-04,614066103
1551744000,2019-03-05,617503191
1551830400,2019-03-06,617183684
1551916800,2019-03-07,616311267
1552003200,2019-03-08,605705037
1552089600,2019-03-09,611676177
1552176000,2019-03-10,612117513
1552262400,2019-03-11,612152961
1552348800,2019-03-12,615786107
1552435200,2019-03-13,617293943
1552521600,2019-03-14,616581546
1552608000,2019-03-15,617405906
1552694400,2019-03-16,616504073
1552780800,2019-03-17,616440391
1552867200,2019-03-18,615168971
1552953600,2019-03-19,619934631
1553040000,2019-03-20,620783470
1553126400,2019-03-21,620504007
1553212800,2019-03-22,626348098
1553299200,2019-03-23,627092805
1553385600,2019-03-24,627265746
1553472000,2019-03-25,627372647
1553558400,2019-03-26,627569909
1553644800,2019-03-27,626551023
1553731200,2019-03-28,626906132
1553817600,2019-03-29,624022441
1553904000,2019-03-30,623555382
1553990400,2019-03-31,623329180
1554076800,2019-04-01,624879302
1554163200,2019-04-02,626365738
1554249600,2019-04-03,629623776
1554336000,2019-04-04,629220955
1554422400,2019-04-05,628933458
1554508800,2019-04-06,630486889
1554595200,2019-04-07,630698261
1554681600,2019-04-08,630813921
1554768000,2019-04-09,650072928
1554854400,2019-04-10,666931817
1554940800,2019-04-11,705608291
1555027200,2019-04-12,709478062
1555113600,2019-04-13,728760160
1555200000,2019-04-14,724085121
1555286400,2019-04-15,726583178
1555372800,2019-04-16,745335593
1555459200,2019-04-17,751906980
1555545600,2019-04-18,805597016
1555632000,2019-04-19,805350312
1555718400,2019-04-20,816170941
1555804800,2019-04-21,810791842
1555891200,2019-04-22,823381931
1555977600,2019-04-23,820431880
1556064000,2019-04-24,885025413
1556150400,2019-04-25,937207494
1556236800,2019-04-26,993315656
1556323200,2019-04-27,1004584996
1556409600,2019-04-28,1043037039
1556496000,2019-04-29,1045269039
1556582400,2019-04-30,1065014751
1556668800,2019-05-01,1074402139
1556755200,2019-05-02,1083256384
1556841600,2019-05-03,1094832693
1556928000,2019-05-04,1108522300
1557014400,2019-05-05,1114859897
1557100800,2019-05-06,1118149292
1557187200,2019-05-07,1124471295
1557273600,2019-05-08,1128582141
1557360000,2019-05-09,1137964062
1557446400,2019-05-10,1079104013
1557532800,2019-05-11,1091691954
1557619200,2019-05-12,1092385725
1557705600,2019-05-13,1094836870
1557792000,2019-05-14,1116617024
1557878400,2019-05-15,1114402459
1557964800,2019-05-16,1124597074
1558051200,2019-05-17,1131070009
1558137600,2019-05-18,1134055735
1558224000,2019-05-19,1137344848
1558310400,2019-05-20,1141824591
1558396800,2019-05-21,1161582545
1558483200,2019-05-22,1187050786
1558569600,2019-05-23,1202639553
1558656000,2019-05-24,1219342854
1558742400,2019-05-25,1260098112
1558828800,2019-05-26,1279466775
1558915200,2019-05-27,1289093841
1559001600,2019-05-28,1295258842
1559088000,2019-05-29,1306525492
1559174400,2019-05-30,1330388465
1559260800,2019-05-31,1302219330
1559347200,2019-06-01,1316565784
1559433600,2019-06-02,1320111781
1559520000,2019-06-03,1319957174
1559606400,2019-06-04,1328807070
1559692800,2019-06-05,1340032592
1559779200,2019-06-06,1369262153
1559865600,2019-06-07,1400091041
1559952000,2019-06-08,1414345017
1560038400,2019-06-09,1414342543
1560124800,2019-06-10,1416353656
1560211200,2019-06-11,1455628105
1560297600,2019-06-12,1487476353
1560384000,2019-06-13,1532681291
1560470400,2019-06-14,1553258375
1560556800,2019-06-15,1574353050
1560643200,2019-06-16,1585454750
1560729600,2019-06-17,1607180552
1560816000,2019-06-18,1629312263
1560902400,2019-06-19,1635358836
1560988800,2019-06-20,1632059716
1561075200,2019-06-21,1647621759
1561161600,2019-06-22,1660454764
1561248000,2019-06-23,1661740777
1561334400,2019-06-24,1676241608
1561420800,2019-06-25,1666845034
1561507200,2019-06-26,1684973418
1561593600,2019-06-27,1685552006
1561680000,2019-06-28,1705236168
1561766400,2019-06-29,1736888605
1561852800,2019-06-30,1766831761
1561939200,2019-07-01,1766659769
1562025600,2019-07-02,1786939453
1562112000,2019-07-03,1806539914
1562198400,2019-07-04,1863841156
1562284800,2019-07-05,1899685625
1562371200,2019-07-06,1950307326
1562457600,2019-07-07,1968012844
1562544000,2019-07-08,1977795201
1562630400,2019-07-09,2034665676
1562716800,2019-07-10,2069383596
1562803200,2019-07-11,2072119462
1562889600,2019-07-12,2113854593
1562976000,2019-07-13,2206512996
1563062400,2019-07-14,2214044636
1563148800,2019-07-15,2219216424
1563235200,2019-07-16,2246616182
1563321600,2019-07-17,2283251497
1563408000,2019-07-18,2329551684
1563494400,2019-07-19,2364681802
1563580800,2019-07-20,2323711619
1563667200,2019-07-21,2324991116
1563753600,2019-07-22,2333186277
1563840000,2019-07-23,2338759544
1563926400,2019-07-24,2336108179
1564012800,2019-07-25,2357159682
1564099200,2019-07-26,2363643120
1564185600,2019-07-27,2363134240
1564272000,2019-07-28,2372507685
1564358400,2019-07-29,2378024209
1564444800,2019-07-30,2406231589
1564531200,2019-07-31,2410754773
1564617600,2019-08-01,2419958837
1564704000,2019-08-02,2417490079
1564790400,2019-08-03,2401420673
1564876800,2019-08-04,2410391794
1564963200,2019-08-05,2418436211
1565049600,2019-08-06,2497816143
1565136000,2019-08-07,2497413191
1565222400,2019-08-08,2489193612
1565308800,2019-08-09,2481193248
1565395200,2019-08-10,2457383264
1565481600,2019-08-11,2461545925
1565568000,2019-08-12,2467056340
1565654400,2019-08-13,2461275949
1565740800,2019-08-14,2444576387
1565827200,2019-08-15,2446072128
1565913600,2019-08-16,2437135234
1566000000,2019-08-17,2445238089
1566086400,2019-08-18,2445015653
1566172800,2019-08-19,2445847972
1566259200,2019-08-20,2449533082
1566345600,2019-08-21,2444419633
1566432000,2019-08-22,2466833722
1566518400,2019-08-23,2468871948
1566604800,2019-08-24,2476648055
1566691200,2019-08-25,2475467082
1566777600,2019-08-26,2477336460
1566864000,2019-08-27,2473973486
1566950400,2019-08-28,2467186992
1567036800,2019-08-29,2472630449
1567123200,2019-08-30,2502101640
1567209600,2019-08-31,2511467562
1567296000,2019-09-01,2510705599
1567382400,2019-09-02,2509464862
1567468800,2019-09-03,2514595784
1567555200,2019-09-04,2540955139
1567641600,2019-09-05,2533527299
1567728000,2019-09-06,2573699148
1567814400,2019-09-07,2601324871
1567900800,2019-09-08,2603893504
1567987200,2019-09-09,2600817246
1568073600,2019-09-10,2596372411
1568160000,2019-09-11,2604927130
1568246400,2019-09-12,2603875369
1568332800,2019-09-13,2911278009
1568419200,2019-09-14,2917532449
1568505600,2019-09-15,2920000941
1568592000,2019-09-16,2919434954
1568678400,2019-09-17,2908515981
1568764800,2019-09-18,2895246297
1568851200,2019-09-19,2878752569
1568937600,2019-09-20,2877558426
1569024000,2019-09-21,2867790725
1569110400,2019-09-22,2867501777
1569196800,2019-09-23,2869496458
1569283200,2019-09-24,2875518006
1569369600,2019-09-25,2895740486
1569456000,2019-09-26,2928533593
1569542400,2019-09-27,2925736459
1569628800,2019-09-28,2937214128
1569715200,2019-09-29,2944065164
1569801600,2019-09-30,2949092827
1569888000,2019-10-01,2961968568
1569974400,2019-10-02,2986861528
1570060800,2019-10-03,3015952498
1570147200,2019-10-04,3047695165
1570233600,2019-10-05,3052193753
1570320000,2019-10-06,3052518668
1570406400,2019-10-07,3074659130
1570492800,2019-10-08,3079252132
1570579200,2019-10-09,3078577267
1570665600,2019-10-10,3082969846
1570752000,2019-10-11,3093100020
1570838400,2019-10-12,3108800791
1570924800,2019-10-13,3108750721
1571011200,2019-10-14,3111147222
1571097600,2019-10-15,3107419491
1571184000,2019-10-16,3110035713
1571270400,2019-10-17,3109572740
1571356800,2019-10-18,3127911639
1571443200,2019-10-19,3139555505
1571529600,2019-10-20,3148064516
1571616000,2019-10-21,3178361516
1571702400,2019-10-22,3184832130
1571788800,2019-10-23,3187422946
1571875200,2019-10-24,3277004890
1571961600,2019-10-25,3377391921
1572048000,2019-10-26,3322678640
1572134400,2019-10-27,3328596049
1572220800,2019-10-28,3326489824
1572307200,2019-10-29,3321494317
1572393600,2019-10-30,3646785193
1572480000,2019-10-31,3656623069
1572566400,2019-11-01,3625997712
1572652800,2019-11-02,3624432295
1572739200,2019-11-03,3638871950
1572825600,2019-11-04,3639340875
1572912000,2019-11-05,3627989709
1572998400,2019-11-06,3649491290
1573084800,2019-11-07,3635927614
1573171200,2019-11-08,3631682455
1573257600,2019-11-09,3618459052
1573344000,2019-11-10,3618226228
1573430400,2019-11-11,3617647752
1573516800,2019-11-12,3616519417
1573603200,2019-11-13,3610517707
1573689600,2019-11-14,3609259705
1573776000,2019-11-15,3599913224
1573862400,2019-11-16,3594129580
1573948800,2019-11-17,3597071880
1574035200,2019-11-18,3596328282
1574121600,2019-11-19,3590660116
1574208000,2019-11-20,3597017503
1574294400,2019-11-21,3593885270
1574380800,2019-11-22,3624101848
1574467200,2019-11-23,3645855979
1574553600,2019-11-24,3621319570
1574640000,2019-11-25,3627795274
1574726400,2019-11-26,3671020542
1574812800,2019-11-27,3671264954
1574899200,2019-11-28,3687589971
1574985600,2019-11-29,3682473292
1575072000,2019-11-30,3693731139
1575158400,2019-12-01,3696530496
1575244800,2019-12-02,3699476293
1575331200,2019-12-03,3738425543
1575417600,2019-12-04,3733631185
1575504000,2019-12-05,3761300671
1575590400,2019-12-06,3757695207
1575676800,2019-12-07,3769105003
1575763200,2019-12-08,3777712069
1575849600,2019-12-09,3779792302
1575936000,2019-12-10,3816928349
1576022400,2019-12-11,4068643524
1576108800,2019-12-12,4046661971
1576195200,2019-12-13,4052025718
1576281600,2019-12-14,4046454853
1576368000,2019-12-15,4047145798
1576454400,2019-12-16,4048868790
1576540800,2019-12-17,4058540791
1576627200,2019-12-18,4060816609
1576713600,2019-12-19,4093955950
1576800000,2019-12-20,4142438731
1576886400,2019-12-21,4170042610
1576972800,2019-12-22,4163555059
1577059200,2019-12-23,4164576755
1577145600,2019-12-24,4175422499
1577232000,2019-12-25,4170493519
1577318400,2019-12-26,4173471022
1577404800,2019-12-27,4165855978
1577491200,2019-12-28,4169845519
1577577600,2019-12-29,4165229806
1577664000,2019-12-30,4167785867
1577750400,2019-12-31,4172399815
1577836800,2020-01-01,4171183915
1577923200,2020-01-02,4172339378
1578009600,2020-01-03,5263029450
1578096000,2020-01-04,5317913329
1578182400,2020-01-05,5322111628
1578268800,2020-01-06,5316131665
1578355200,2020-01-07,5325148146
1578441600,2020-01-08,5304340746
1578528000,2020-01-09,5275441922
1578614400,2020-01-10,5273934089
1578700800,2020-01-11,5259761866
1578787200,2020-01-12,5234944495
1578873600,2020-01-13,5245793640
1578960000,2020-01-14,5231395077
1579046400,2020-01-15,5216681197
1579132800,2020-01-16,5235022139
1579219200,2020-01-17,5232425093
1579305600,2020-01-18,5224624123
1579392000,2020-01-19,5221892111
1579478400,2020-01-20,5227163820
1579564800,2020-01-21,5221346449
1579651200,2020-01-22,5219981766
1579737600,2020-01-23,5227739409
1579824000,2020-01-24,5215661899
1579910400,2020-01-25,5226594198
1579996800,2020-01-26,5220958983
1580083200,2020-01-27,5223316211
1580169600,2020-01-28,5213817179
1580256000,2020-01-29,5241296122
1580342400,2020-01-30,5225328719
1580428800,2020-01-31,5227731770
1580515200,2020-02-01,5223717427
1580601600,2020-02-02,5225352983
1580688000,2020-02-03,5229804923
1580774400,2020-02-04,5235742678
1580860800,2020-02-05,5221901572
1580947200,2020-02-06,5215323158
1581033600,2020-02-07,5221668151
1581120000,2020-02-08,5211472200
1581206400,2020-02-09,5215847851
1581292800,2020-02-10,5243187572
1581379200,2020-02-11,5224495238
1581465600,2020-02-12,5222511966
1581552000,2020-02-13,5217455196
1581638400,2020-02-14,5226065177
1581724800,2020-02-15,5224991608
1581811200,2020-02-16,5224522503
1581897600,2020-02-17,5233697789
1581984000,2020-02-18,5242753346
1582070400,2020-02-19,5228245827
1582156800,2020-02-20,5228032816
1582243200,2020-02-21,5226056573
1582329600,2020-02-22,5232038321
1582416000,2020-02-23,5231484797
1582502400,2020-02-24,5241137312
1582588800,2020-02-25,5219714022
1582675200,2020-02-26,5217274563
1582761600,2020-02-27,5212239384
1582848000,2020-02-28,5235755549
1582934400,2020-02-29,5228267847
1583020800,2020-03-01,5223894507
1583107200,2020-03-02,5229656914
1583193600,2020-03-03,5231249492
1583280000,2020-03-04,5244708155
1583366400,2020-03-05,5244158618
1583452800,2020-03-06,5228162812
1583539200,2020-03-07,5243069982
1583625600,2020-03-08,5241449036
1583712000,2020-03-09,5211963904
1583798400,2020-03-10,5247359419
1583884800,2020-03-11,5248289136
1583971200,2020-03-12,5275133766
1584057600,2020-03-13,5300072745
1584144000,2020-03-14,5388305616
1584230400,2020-03-15,5326005790
1584316800,2020-03-16,5391289706
1584403200,2020-03-17,5408986727
1584489600,2020-03-18,5424704394
1584576000,2020-03-19,5358071671
1584662400,2020-03-20,5440824617
1584748800,2020-03-21,5481018630
1584835200,2020-03-22,5435079866
1584921600,2020-03-23,5460369713
1585008000,2020-03-24,5479588270
1585094400,2020-03-25,5498961620
1585180800,2020-03-26,5523489509
1585267200,2020-03-27,5509255469
1585353600,2020-03-28,5486247089
1585440000,2020-03-29,5497459189
1585526400,2020-03-30,5504598937
1585612800,2020-03-31,5498138723
1585699200,2020-04-01,5484255118
1585785600,2020-04-02,5506889197
1585872000,2020-04-03,7520370752
1585958400,2020-04-04,7562452612
1586044800,2020-04-05,7557481186
1586131200,2020-04-06,7572374835
1586217600,2020-04-07,7551051426
1586304000,2020-04-08,7548162936
1586390400,2020-04-09,7568226453
1586476800,2020-04-10,7579450046
1586563200,2020-04-11,7585675998
1586649600,2020-04-12,7585191643
1586736000,2020-04-13,7597520836
1586822400,2020-04-14,7588950237
1586908800,2020-04-15,7613386681
1586995200,2020-04-16,7594813028
1587081600,2020-04-17,7819227611
1587168000,2020-04-18,7801674611
1587254400,2020-04-19,7800506125
1587340800,2020-04-20,7823583643
1587427200,2020-04-21,7830803127
1587513600,2020-04-22,7810793982
1587600000,2020-04-23,8587480357
1587686400,2020-04-24,8553127692
1587772800,2020-04-25,8572640839
1587859200,2020-04-26,8604442674
1587945600,2020-04-27,8625465863
1588032000,2020-04-28,8633120911
1588118400,2020-04-29,8600784846
1588204800,2020-04-30,9147709620
1588291200,2020-05-01,9140645941
1588377600,2020-05-02,9207537783
1588464000,2020-05-03,9228442933
1588550400,2020-05-04,9255382971
1588636800,2020-05-05,9230512460
1588723200,2020-05-06,9314539397
1588809600,2020-05-07,9385211227
1588896000,2020-05-08,9549425638
1588982400,2020-05-09,9624792757
1589068800,2020-05-10,9786871567
1589155200,2020-05-11,9949949849
1589241600,2020-05-12,9963404812
1589328000,2020-05-13,10116831175
1589414400,2020-05-14,10136934371
1589500800,2020-05-15,10264761884
1589587200,2020-05-16,10320568256
1589673600,2020-05-17,10341711861
1589760000,2020-05-18,10434336397
1589846400,2020-05-19,10406785295
1589932800,2020-05-20,10376243524
1590019200,2020-05-21,10407436150
1590105600,2020-05-22,10385974868
1590192000,2020-05-23,10363493164
1590278400,2020-05-24,10370029746
1590364800,2020-05-25,10442681334
1590451200,2020-05-26,10484889349
1590537600,2020-05-27,10475725018
1590624000,2020-05-28,10504153958
1590710400,2020-05-29,10521820794
1590796800,2020-05-30,10519056282
1590883200,2020-05-31,10585131165
1590969600,2020-06-01,10554014330
1591056000,2020-06-02,10586835098
1591142400,2020-06-03,10671138241
1591228800,2020-06-04,10695195373
1591315200,2020-06-05,10737892135
1591401600,2020-06-06,10738041730
1591488000,2020-06-07,10761968215
1591574400,2020-06-08,10787752383
1591660800,2020-06-09,10823161860
1591747200,2020-06-10,10829676902
1591833600,2020-06-11,10890774696
1591920000,2020-06-12,10905220445
1592006400,2020-06-13,10968157151
1592092800,2020-06-14,10974590789
1592179200,2020-06-15,10981831700
1592265600,2020-06-16,10993062914
1592352000,2020-06-17,11046075812
1592438400,2020-06-18,11076405070
1592524800,2020-06-19,11128944801
1592611200,2020-06-20,11221982958
1592697600,2020-06-21,11269441580
1592784000,2020-06-22,11291381685
1592870400,2020-06-23,11339266696
1592956800,2020-06-24,11296018576
1593043200,2020-06-25,11311647340
1593129600,2020-06-26,11296207130
1593216000,2020-06-27,11332068953
1593302400,2020-06-28,11374669600
1593388800,2020-06-29,11380701911
1593475200,2020-06-30,11358684065
1593561600,2020-07-01,11383103572
1593648000,2020-07-02,11425567053
1593734400,2020-07-03,11431118622
1593820800,2020-07-04,11483062324
1593907200,2020-07-05,11548643651
1593993600,2020-07-06,11565116926
1594080000,2020-07-07,11583062329
1594166400,2020-07-08,11613661101
1594252800,2020-07-09,11655660050
1594339200,2020-07-10,11700123026
1594425600,2020-07-11,11725244740
1594512000,2020-07-12,11771519649
1594598400,2020-07-13,11763847023
1594684800,2020-07-14,11780986610
1594771200,2020-07-15,11773486600
1594857600,2020-07-16,11813820722
1594944000,2020-07-17,11830269774
1595030400,2020-07-18,11849465410
1595116800,2020-07-19,11894189896
1595203200,2020-07-20,11969116858
1595289600,2020-07-21,11938482561
1595376000,2020-07-22,11975968087
1595462400,2020-07-23,12097986284
1595548800,2020-07-24,12204812090
1595635200,2020-07-25,12347916940
1595721600,2020-07-26,12372289345
1595808000,2020-07-27,12465232252
1595894400,2020-07-28,12383307472
1595980800,2020-07-29,12687752575
1596067200,2020-07-30,12857018440
1596153600,2020-07-31,12945812635
1596240000,2020-08-01,12997053599
1596326400,2020-08-02,13171871197
1596412800,2020-08-03,13308737971
1596499200,2020-08-04,13363222365
1596585600,2020-08-05,13431887961
1596672000,2020-08-06,13517450880
1596758400,2020-08-07,13606359089
1596844800,2020-08-08,13782862458
1596931200,2020-08-09,13931364468
1597017600,2020-08-10,14015108464
1597104000,2020-08-11,14044999796
1597190400,2020-08-12,14201100534
1597276800,2020-08-13,14274066439
1597363200,2020-08-14,14412856641
1597449600,2020-08-15,14729769128
1597536000,2020-08-16,14716528027
1597622400,2020-08-17,14789017585
1597708800,2020-08-18,14946404781
1597795200,2020-08-19,15211557234
1597881600,2020-08-20,15234428086
1597968000,2020-08-21,15351578458
1598054400,2020-08-22,15483964806
1598140800,2020-08-23,15589984058
1598227200,2020-08-24,15651864739
1598313600,2020-08-25,15683061755
1598400000,2020-08-26,15713050664
1598486400,2020-08-27,15739852438
1598572800,2020-08-28,15916704860
1598659200,2020-08-29,16027189567
1598745600,2020-08-30,16239246259
1598832000,2020-08-31,16279057059
1598918400,2020-09-01,15532015305
1599004800,2020-09-02,15710636629
1599091200,2020-09-03,15988905432
1599177600,2020-09-04,16074046626
1599264000,2020-09-05,16250029751
1599350400,2020-09-06,16314499436
1599436800,2020-09-07,16369371086
1599523200,2020-09-08,16693332127
1599609600,2020-09-09,16683364875
1599696000,2020-09-10,17028556353
1599782400,2020-09-11,17127435717
1599868800,2020-09-12,17222900834
1599955200,2020-09-13,17296486513
1600041600,2020-09-14,17626525785
1600128000,2020-09-15,16766499869
1600214400,2020-09-16,17914873676
1600300800,2020-09-17,18167645542
1600387200,2020-09-18,18397075082
1600473600,2020-09-19,18522259909
1600560000,2020-09-20,18818369290
1600646400,2020-09-21,18900046208
1600732800,2020-09-22,18962708872
1600819200,2020-09-23,18988756758
1600905600,2020-09-24,19071455727
1600992000,2020-09-25,19143958861
1601078400,2020-09-26,19167994172
1601164800,2020-09-27,19254857756
1601251200,2020-09-28,19302955924
1601337600,2020-09-29,19215182869
1601424000,2020-09-30,19222857909
1601510400,2020-10-01,19240565343
1601596800,2020-10-02,19388158735
1601683200,2020-10-03,19469694477
1601769600,2020-10-04,19515769837
1601856000,2020-10-05,19538501259
1601942400,2020-10-06,19556509949
1602028800,2020-10-07,19592018437
1602115200,2020-10-08,19610532915
1602201600,2020-10-09,19885153207
1602288000,2020-10-10,19968524191
1602374400,2020-10-11,20027828277
1602460800,2020-10-12,20049878707
1602547200,2020-10-13,20076122428
1602633600,2020-10-14,20044645528
1602720000,2020-10-15,20031311827
1602806400,2020-10-16,20020776019
1602892800,2020-10-17,19996345169
1602979200,2020-10-18,19989065873
1603065600,2020-10-19,20028331016
1603152000,2020-10-20,20161481397
1603238400,2020-10-21,20490498249
1603324800,2020-10-22,20582558124
1603411200,2020-10-23,20687178601
1603497600,2020-10-24,20667304969
1603584000,2020-10-25,20703593012
1603670400,2020-10-26,20739320944
1603756800,2020-10-27,20820476311
1603843200,2020-10-28,20852374977
1603929600,2020-10-29,21000302974
1604016000,2020-10-30,21036922896
1604102400,2020-10-31,21187516730
1604188800,2020-11-01,21231743337
1604275200,2020-11-02,21248319562
1604361600,2020-11-03,21233963329
1604448000,2020-11-04,21366606322
1604534400,2020-11-05,21322499226
1604620800,2020-11-06,21608976713
1604707200,2020-11-07,21720800047
1604793600,2020-11-08,21755154590
1604880000,2020-11-09,21741020679
1604966400,2020-11-10,21681866407
1605052800,2020-11-11,21851436443
1605139200,2020-11-12,22050038714
1605225600,2020-11-13,22221637338
1605312000,2020-11-14,22249973174
1605398400,2020-11-15,22293143951
1605484800,2020-11-16,22295979443
1605571200,2020-11-17,22431769065
1605657600,2020-11-18,22375442432
1605744000,2020-11-19,22386356228
1605830400,2020-11-20,22566236216
1605916800,2020-11-21,22967104774
1606003200,2020-11-22,23021362629
1606089600,2020-11-23,23085502154
1606176000,2020-11-24,23245475581
1606262400,2020-11-25,23468771716
1606348800,2020-11-26,23476475468
1606435200,2020-11-27,23456613289
1606521600,2020-11-28,23444457745
1606608000,2020-11-29,23590496326
1606694400,2020-11-30,23608212130
1606780800,2020-12-01,24042617000
1606867200,2020-12-02,24235006361
1606953600,2020-12-03,24292999436
1607040000,2020-12-04,24394994262
1607126400,2020-12-05,24602491080
1607212800,2020-12-06,24631941271
1607299200,2020-12-07,24679640337
1607385600,2020-12-08,24610399567
1607472000,2020-12-09,24603828685
1607558400,2020-12-10,24601266210
1607644800,2020-12-11,24755675824
1607731200,2020-12-12,24801854863
1607817600,2020-12-13,24925052210
1607904000,2020-12-14,24978043764
1607990400,2020-12-15,25045599527
1608076800,2020-12-16,25274431481
1608163200,2020-12-17,25408620953
1608249600,2020-12-18,25434592077
1608336000,2020-12-19,25693010245
1608422400,2020-12-20,25835362136
1608508800,2020-12-21,25829548950
1608595200,2020-12-22,25956655557
1608681600,2020-12-23,25937031724
1608768000,2020-12-24,26187876164
1608854400,2020-12-25,26491795560
1608940800,2020-12-26,26526925562
1609027200,2020-12-27,26550602137
1609113600,2020-12-28,26583443027
1609200000,2020-12-29,26831315025
1609286400,2020-12-30,26887170773
1609372800,2020-12-31,27068764686
1609459200,2021-01-01,27380399801
1609545600,2021-01-02,28278906051
1609632000,2021-01-03,29259941650
1609718400,2021-01-04,29428875234
1609804800,2021-01-05,29286985325
1609891200,2021-01-06,30093433847
1609977600,2021-01-07,31136911201
1610064000,2021-01-08,31218517492
1610150400,2021-01-09,32070131724
1610236800,2021-01-10,32358288279
1610323200,2021-01-11,32281404707
1610409600,2021-01-12,32293002492
1610496000,2021-01-13,32584239767
1610582400,2021-01-14,32656327499
1610668800,2021-01-15,32660817860
1610755200,2021-01-16,32805977440
1610841600,2021-01-17,33034792363
1610928000,2021-01-18,33014142969
1611014400,2021-01-19,33573474001
1611100800,2021-01-20,33620448142
1611187200,2021-01-21,33799793674
1611273600,2021-01-22,33850915366
1611360000,2021-01-23,34104893733
1611446400,2021-01-24,34157362978
1611532800,2021-01-25,34319091623
1611619200,2021-01-26,34267330260
1611705600,2021-01-27,34777362201
1611792000,2021-01-28,35456988511
1611878400,2021-01-29,36082067946
1611964800,2021-01-30,36592832677
1612051200,2021-01-31,36670055923
1612137600,2021-02-01,37206794771
1612224000,2021-02-02,37123801953
1612310400,2021-02-03,35703450055
1612396800,2021-02-04,38285969081
1612483200,2021-02-05,38807025921
1612569600,2021-02-06,40023564357
1612656000,2021-02-07,40122172700
1612742400,2021-02-08,41537041854
1612828800,2021-02-09,41873817176
1612915200,2021-02-10,43105451570
1613001600,2021-02-11,43452639075
1613088000,2021-02-12,43684856182
1613174400,2021-02-13,44846968740
1613260800,2021-02-14,45315135238
1613347200,2021-02-15,45360652381
1613433600,2021-02-16,45820674249
1613520000,2021-02-17,46724006138
1613606400,2021-02-18,46904589221
1613692800,2021-02-19,47551890899
1613779200,2021-02-20,49200570983
1613865600,2021-02-21,49676303945
1613952000,2021-02-22,49683395650
1614038400,2021-02-23,50107017975
1614124800,2021-02-24,50121504376
1614211200,2021-02-25,50704714182
1614297600,2021-02-26,50480579738
1614384000,2021-02-27,51217104247
1614470400,2021-02-28,50905966813
1614556800,2021-03-01,52255358727
1614643200,2021-03-02,52659247895
1614729600,2021-03-03,54171193575
1614816000,2021-03-04,53594156002
1614902400,2021-03-05,54034709597
1614988800,2021-03-06,54199227173
1615075200,2021-03-07,54495184791
1615161600,2021-03-08,54495794194
1615248000,2021-03-09,54257887318
1615334400,2021-03-10,55592664889
1615420800,2021-03-11,55862532945
1615507200,2021-03-12,56192916838
1615593600,2021-03-13,56596601938
1615680000,2021-03-14,56639606203
1615766400,2021-03-15,57677800170
1615852800,2021-03-16,58389241058
1615939200,2021-03-17,58523538981
1616025600,2021-03-18,58902713738
1616112000,2021-03-19,59198736788
1616198400,2021-03-20,59442024597
1616284800,2021-03-21,60511853807
1616371200,2021-03-22,60702988701
1616457600,2021-03-23,60931815198
1616544000,2021-03-24,60756601931
1616630400,2021-03-25,60815204400
1616716800,2021-03-26,60995070677
1616803200,2021-03-27,62449103741
1616889600,2021-03-28,62597691215
1616976000,2021-03-29,63066323048
1617062400,2021-03-30,62682783264
1617148800,2021-03-31,62969078472
1617235200,2021-04-01,64044061206
1617321600,2021-04-02,64182597242
1617408000,2021-04-03,66570920193
1617494400,2021-04-04,66903685753
1617580800,2021-04-05,67358093278
1617667200,2021-04-06,68444617254
1617753600,2021-04-07,68492235819
1617840000,2021-04-08,68927598705
1617926400,2021-04-09,69527100397
1618012800,2021-04-10,69792359181
1618099200,2021-04-11,70036489359
1618185600,2021-04-12,71017405120
1618272000,2021-04-13,70871550859
1618358400,2021-04-14,73445372459
1618444800,2021-04-15,73846783740
1618531200,2021-04-16,74450245425
1618617600,2021-04-17,76590610445
1618704000,2021-04-18,77166386841
1618790400,2021-04-19,80189287666
1618876800,2021-04-20,80402278109
1618963200,2021-04-21,81305667333
1619049600,2021-04-22,81654265313
1619136000,2021-04-23,82022897738
1619222400,2021-04-24,82157813126
1619308800,2021-04-25,82093304756
1619395200,2021-04-26,82855524238
1619481600,2021-04-27,83226083198
1619568000,2021-04-28,83299933921
1619654400,2021-04-29,84115376062
1619740800,2021-04-30,83782764136
1619827200,2021-05-01,85149221694
1619913600,2021-05-02,85626302639
1620000000,2021-05-03,86873377750
1620086400,2021-05-04,87007418499
1620172800,2021-05-05,89286138771
1620259200,2021-05-06,89844007424
1620345600,2021-05-07,90409654193
1620432000,2021-05-08,90579325228
1620518400,2021-05-09,90907919192
1620604800,2021-05-10,92233570544
1620691200,2021-05-11,93857043146
1620777600,2021-05-12,94740619469
1620864000,2021-05-13,94775647074
1620950400,2021-05-14,94319625129
1621036800,2021-05-15,94960759868
1621123200,2021-05-16,94977634510
1621209600,2021-05-17,95466196025
1621296000,2021-05-18,97066963387
1621382400,2021-05-19,96620362219
1621468800,2021-05-20,95418778157
1621555200,2021-05-21,97236014366
1621641600,2021-05-22,99325918983
1621728000,2021-05-23,100029207763
1621814400,2021-05-24,101162609422
1621900800,2021-05-25,101787350108
1621987200,2021-05-26,102063056940
1622073600,2021-05-27,103122542838
1622160000,2021-05-28,104242310614
1622246400,2021-05-29,104987867865
1622332800,2021-05-30,104538383491
1622419200,2021-05-31,102558901424
1622505600,2021-06-01,105937301596
1622592000,2021-06-02,106583281382
1622678400,2021-06-03,106582900383
1622764800,2021-06-04,107238523858
1622851200,2021-06-05,107454055761
1622937600,2021-06-06,107764084296
1623024000,2021-06-07,108233385097
1623110400,2021-06-08,107706848562
1623196800,2021-06-09,108417640705
1623283200,2021-06-10,108722345965
1623369600,2021-06-11,108354830236
1623456000,2021-06-12,108161552013
1623542400,2021-06-13,108460685283
1623628800,2021-06-14,108576786304
1623715200,2021-06-15,108670170417
1623801600,2021-06-16,108832732967
1623888000,2021-06-17,108144364144
1623974400,2021-06-18,108462992496
1624060800,2021-06-19,108633024887
1624147200,2021-06-20,108945975119
1624233600,2021-06-21,109258051847
1624320000,2021-06-22,109045527506
1624406400,2021-06-23,109817420595
1624492800,2021-06-24,109997271927
1624579200,2021-06-25,110152882345
1624665600,2021-06-26,110295406396
1624752000,2021-06-27,110644668616
1624838400,2021-06-28,110802692851
1624924800,2021-06-29,110312813837
1625011200,2021-06-30,109934765258
1625097600,2021-07-01,110435194983
1625184000,2021-07-02,110651267445
1625270400,2021-07-03,111375288678
1625356800,2021-07-04,111362173659
1625443200,2021-07-05,110842932619
1625529600,2021-07-06,111514113052
1625616000,2021-07-07,111866895008
1625702400,2021-07-08,111723978055
1625788800,2021-07-09,112214431383
1625875200,2021-07-10,112196213025
1625961600,2021-07-11,112307692586
1626048000,2021-07-12,112104677079
1626134400,2021-07-13,112443394702
1626220800,2021-07-14,112233319438
1626307200,2021-07-15,112189707932
1626393600,2021-07-16,112966143276
1626480000,2021-07-17,112167922125
1626566400,2021-07-18,112635171137
1626652800,2021-07-19,113014240351
1626739200,2021-07-20,112757726857
1626825600,2021-07-21,112852858340
1626912000,2021-07-22,113318548236
1626998400,2021-07-23,113207714864
1627084800,2021-07-24,113527224478
1627171200,2021-07-25,113756944391
1627257600,2021-07-26,114252449616
1627344000,2021-07-27,113977681571
1627430400,2021-07-28,114564110531
1627516800,2021-07-29,114162101078
1627603200,2021-07-30,114384076517
1627689600,2021-07-31,114965093602
1627776000,2021-08-01,114386899725
1627862400,2021-08-02,114336109340
1627948800,2021-08-03,114501722971
1628035200,2021-08-04,114864863357
1628121600,2021-08-05,112975148454
1628208000,2021-08-06,113523660545
1628294400,2021-08-07,113922214765
1628380800,2021-08-08,115193760923
1628467200,2021-08-09,115237810515
1628553600,2021-08-10,115319793938
1628640000,2021-08-11,114854590673
1628726400,2021-08-12,114920458552
1628812800,2021-08-13,115107584957
1628899200,2021-08-14,114923836509
1628985600,2021-08-15,115948618393
1629072000,2021-08-16,116105950828
1629158400,2021-08-17,115962909102
1629244800,2021-08-18,115898883546
1629331200,2021-08-19,116117326977
1629417600,2021-08-20,116731102318
1629504000,2021-08-21,116845416211
1629590400,2021-08-22,116855143793
1629676800,2021-08-23,118433181189
1629763200,2021-08-24,116046049715
1629849600,2021-08-25,118047911773
1629936000,2021-08-26,117925944435
1630022400,2021-08-27,117874017340
1630108800,2021-08-28,118332380434
1630195200,2021-08-29,118393955629
1630281600,2021-08-30,118418703983
1630368000,2021-08-31,118327574446
1630454400,2021-09-01,118751092778
1630540800,2021-09-02,118850043780
1630627200,2021-09-03,119920675911
1630713600,2021-09-04,120077151959
1630800000,2021-09-05,120153748417
1630886400,2021-09-06,121292211015
1630972800,2021-09-07,123369502937
1631059200,2021-09-08,123896916758
1631145600,2021-09-09,124301247870
1631232000,2021-09-10,124631672312
1631318400,2021-09-11,123772638644
1631404800,2021-09-12,124279188341
1631491200,2021-09-13,124843526999
1631577600,2021-09-14,124262213742
1631664000,2021-09-15,124555778234
1631750400,2021-09-16,124463330465
1631836800,2021-09-17,124717108132
1631923200,2021-09-18,125209044430
1632009600,2021-09-19,125126705623
1632096000,2021-09-20,125365611081
1632182400,2021-09-21,124419307988
1632268800,2021-09-22,124195113266
1632355200,2021-09-23,125425848322
1632441600,2021-09-24,126079537036
1632528000,2021-09-25,126810046031
1632614400,2021-09-26,127485447708
1632700800,2021-09-27,127959335960
1632787200,2021-09-28,126585269090
1632873600,2021-09-29,126592585949
1632960000,2021-09-30,127650158546
1633046400,2021-10-01,127414947033
1633132800,2021-10-02,127505046309
1633219200,2021-10-03,127586818494
1633305600,2021-10-04,127967779632
1633392000,2021-10-05,127930805475
1633478400,2021-10-06,128170401438
1633564800,2021-10-07,128603473062
1633651200,2021-10-08,128792634896
1633737600,2021-10-09,129006884057
1633824000,2021-10-10,129246731995
1633910400,2021-10-11,129296719388
1633996800,2021-10-12,129918083936
1634083200,2021-10-13,129457454981
1634169600,2021-10-14,129589793890
1634256000,2021-10-15,129862414259
1634342400,2021-10-16,130082114383
1634428800,2021-10-17,130087911353
1634515200,2021-10-18,129969236773
1634601600,2021-10-19,129777736472
1634688000,2021-10-20,129723935487
1634774400,2021-10-21,130299470045
1634860800,2021-10-22,129991339097
1634947200,2021-10-23,130595463681
1635033600,2021-10-24,130820012208
1635120000,2021-10-25,130750211653
1635206400,2021-10-26,130806618008
1635292800,2021-10-27,130282110597
1635379200,2021-10-28,130963966958
1635465600,2021-10-29,131453554231
1635552000,2021-10-30,131921346774
1635638400,2021-10-31,132299381440
1635724800,2021-11-01,132083844723
1635811200,2021-11-02,133599923279
1635897600,2021-11-03,134720724161
1635984000,2021-11-04,134689672920
1636070400,2021-11-05,136060114695
1636156800,2021-11-06,137512605132
1636243200,2021-11-07,137355190332
1636329600,2021-11-08,138643744419
1636416000,2021-11-09,137573008537
1636502400,2021-11-10,140087147046
1636588800,2021-11-11,140272851270
1636675200,2021-11-12,140016781486
1636761600,2021-11-13,141126746119
1636848000,2021-11-14,141533365564
1636934400,2021-11-15,142774563419
1637020800,2021-11-16,142599431533
1637107200,2021-11-17,143599534770
1637193600,2021-11-18,144952391907
1637280000,2021-11-19,144624032985
1637366400,2021-11-20,146575138967
1637452800,2021-11-21,147221318045
1637539200,2021-11-22,147103785856
1637625600,2021-11-23,146699705510
1637712000,2021-11-24,147158491333
1637798400,2021-11-25,147576657701
1637884800,2021-11-26,148393476018
1637971200,2021-11-27,149049968094
1638057600,2021-11-28,149418583020
1638144000,2021-11-29,149576379798
1638230400,2021-11-30,149009418337
1638316800,2021-12-01,149700005270
1638403200,2021-12-02,150420273569
1638489600,2021-12-03,150294444683
1638576000,2021-12-04,152054246381
1638662400,2021-12-05,153259557351
1638748800,2021-12-06,154083547392
1638835200,2021-12-07,154835215823
1638921600,2021-12-08,155661621975
1639008000,2021-12-09,153728504304
1639094400,2021-12-10,156056421212
1639180800,2021-12-11,156156686100
1639267200,2021-12-12,156847616456
1639353600,2021-12-13,156937052291
1639440000,2021-12-14,156809524958
1639526400,2021-12-15,158715500049
1639612800,2021-12-16,158775245852
1639699200,2021-12-17,158639454813
1639785600,2021-12-18,159109425596
1639872000,2021-12-19,159713123410
1639958400,2021-12-20,159420658024
1640044800,2021-12-21,160981228443
1640131200,2021-12-22,161377188190
1640217600,2021-12-23,159993699364
1640304000,2021-12-24,160619224474
1640390400,2021-12-25,160975143204
1640476800,2021-12-26,160862268480
1640563200,2021-12-27,162104925858
1640649600,2021-12-28,162055806942
1640736000,2021-12-29,162090094268
1640822400,2021-12-30,161975758791
1640908800,2021-12-31,163257483175
1640995200,2022-01-01,162617742455
1641081600,2022-01-02,167713008015
1641168000,2022-01-03,166814921157
1641254400,2022-01-04,167074422098
1641340800,2022-01-05,167087528561
1641427200,2022-01-06,168025752687
1641513600,2022-01-07,167849387238
1641600000,2022-01-08,167658665045
1641686400,2022-01-09,167070645531
1641772800,2022-01-10,167004663359
1641859200,2022-01-11,168249189494
1641945600,2022-01-12,168467298785
1642032000,2022-01-13,169359012886
1642118400,2022-01-14,169601045425
1642204800,2022-01-15,169890190288
1642291200,2022-01-16,170040554631
1642377600,2022-01-17,170429244137
1642464000,2022-01-18,170997709093
1642550400,2022-01-19,170521499081
1642636800,2022-01-20,171097459530
1642723200,2022-01-21,171810360220
1642809600,2022-01-22,170994331358
1642896000,2022-01-23,173156508493
1642982400,2022-01-24,172526702057
1643068800,2022-01-25,173708474074
1643155200,2022-01-26,173573239954
1643241600,2022-01-27,174710352399
1643328000,2022-01-28,174989429784
1643414400,2022-01-29,173579946294
1643500800,2022-01-30,174404865055
1643587200,2022-01-31,173966687205
1643673600,2022-02-01,174442989976
1643760000,2022-02-02,174990952242
1643846400,2022-02-03,175616277670
1643932800,2022-02-04,176567376171
1644019200,2022-02-05,178075186406
1644105600,2022-02-06,176970022279
1644192000,2022-02-07,177467016335
1644278400,2022-02-08,177685877206
1644364800,2022-02-09,178455926734
1644451200,2022-02-10,179015477594
1644537600,2022-02-11,179984495005
1644624000,2022-02-12,180577397993
1644710400,2022-02-13,180563823630
1644796800,2022-02-14,180766751855
1644883200,2022-02-15,180580511281
1644969600,2022-02-16,181193447332
1645056000,2022-02-17,181128973452
1645142400,2022-02-18,181432701749
1645228800,2022-02-19,181844188259
1645315200,2022-02-20,182846954556
1645401600,2022-02-21,182415843707
1645488000,2022-02-22,182730118224
1645574400,2022-02-23,183031428913
1645660800,2022-02-24,183406179496
1645747200,2022-02-25,183914318950
1645833600,2022-02-26,183379138074
1645920000,2022-02-27,184133181087
1646006400,2022-02-28,184842107015
1646092800,2022-03-01,184218865133
1646179200,2022-03-02,184328638177
1646265600,2022-03-03,184552064588
1646352000,2022-03-04,184334992652
1646438400,2022-03-05,184283494909
1646524800,2022-03-06,184513534057
1646611200,2022-03-07,184697097153
1646697600,2022-03-08,183678775043
1646784000,2022-03-09,184271740489
1646870400,2022-03-10,184623354386
1646956800,2022-03-11,185064305407
1647043200,2022-03-12,185030706109
1647129600,2022-03-13,185282441207
1647216000,2022-03-14,185508027841
1647302400,2022-03-15,185297911853
1647388800,2022-03-16,185214727354
1647475200,2022-03-17,185433763513
1647561600,2022-03-18,186153486965
1647648000,2022-03-19,186749125219
1647734400,2022-03-20,186952041358
1647820800,2022-03-21,187199228137
1647907200,2022-03-22,187163712209
1647993600,2022-03-23,186922729629
1648080000,2022-03-24,186289911408
1648166400,2022-03-25,186553418170
1648252800,2022-03-26,186126677857
1648339200,2022-03-27,186357081137
1648425600,2022-03-28,186259464158
1648512000,2022-03-29,186091329376
1648598400,2022-03-30,186956982415
1648684800,2022-03-31,187764181810
1648771200,2022-04-01,187286844395
1648857600,2022-04-02,188042684637
1648944000,2022-04-03,187707321595
1649030400,2022-04-04,187663023112
1649116800,2022-04-05,187447133765
1649203200,2022-04-06,187531211854
1649289600,2022-04-07,186650246414
1649376000,2022-04-08,186748891984
1649462400,2022-04-09,187051275759
1649548800,2022-04-10,187451616800
1649635200,2022-04-11,187452625019
1649721600,2022-04-12,186655732510
1649808000,2022-04-13,186942743517
1649894400,2022-04-14,186457213468
1649980800,2022-04-15,186527088312
1650067200,2022-04-16,186500110348
1650153600,2022-04-17,186498130237
1650240000,2022-04-18,186634944959
1650326400,2022-04-19,186427290109
1650412800,2022-04-20,186615753773
1650499200,2022-04-21,186758082190
1650585600,2022-04-22,187152892751
1650672000,2022-04-23,187484312785
1650758400,2022-04-24,187718520169
1650844800,2022-04-25,187575674579
1650931200,2022-04-26,187620811829
1651017600,2022-04-27,187142401107
1651104000,2022-04-28,187060546233
1651190400,2022-04-29,186961159762
1651276800,2022-04-30,187395182496
1651363200,2022-05-01,187661680027
1651449600,2022-05-02,187461013034
1651536000,2022-05-03,187181053677
1651622400,2022-05-04,187246384555
1651708800,2022-05-05,186807519008
1651795200,2022-05-06,187011108109
1651881600,2022-05-07,186228292290
1651968000,2022-05-08,186010867317
1652054400,2022-05-09,180563085020
1652140800,2022-05-10,177531148146
1652227200,2022-05-11,176570938293
1652313600,2022-05-12,160612679943
1652400000,2022-05-13,160364537741
1652486400,2022-05-14,159066938977
1652572800,2022-05-15,158517557040
1652659200,2022-05-16,158579305264
1652745600,2022-05-17,159930310769
1652832000,2022-05-18,158783976552
1652918400,2022-05-19,159011521707
1653004800,2022-05-20,159671202181
1653091200,2022-05-21,158933813383
1653177600,2022-05-22,158992047505
1653264000,2022-05-23,159088557728
1653350400,2022-05-24,159182010466
1653436800,2022-05-25,159338238138
1653523200,2022-05-26,159483578021
1653609600,2022-05-27,159109523720
1653696000,2022-05-28,158661942751
1653782400,2022-05-29,158839689597
1653868800,2022-05-30,158731526534
1653955200,2022-05-31,159253569186
1654041600,2022-06-01,159818765041
1654128000,2022-06-02,160775181926
1654214400,2022-06-03,159895817657
1654300800,2022-06-04,159884967613
1654387200,2022-06-05,159826020214
1654473600,2022-06-06,159835951288
1654560000,2022-06-07,159732338339
1654646400,2022-06-08,159613296972
1654732800,2022-06-09,159582119373
1654819200,2022-06-10,159653727959
1654905600,2022-06-11,159203728168
1654992000,2022-06-12,158921719862
1655078400,2022-06-13,158630758732
1655164800,2022-06-14,157355136949
1655251200,2022-06-15,156410694524
1655337600,2022-06-16,155618192362
1655424000,2022-06-17,155111522581
1655510400,2022-06-18,154565382630
1655596800,2022-06-19,154635372204
1655683200,2022-06-20,154409698394
1655769600,2022-06-21,153755847405
1655856000,2022-06-22,153874245499
1655942400,2022-06-23,153839319664
1656028800,2022-06-24,153419648195
1656115200,2022-06-25,153425649338
1656201600,2022-06-26,153641143550
1656288000,2022-06-27,153631832904
1656374400,2022-06-28,153367787036
1656460800,2022-06-29,153278166736
1656547200,2022-06-30,153126220199
1656633600,2022-07-01,153006547826
1656720000,2022-07-02,153730906554
1656806400,2022-07-03,153686272907
1656892800,2022-07-04,153575517380
1656979200,2022-07-05,153594066882
1657065600,2022-07-06,153480217949
1657152000,2022-07-07,153225714358
1657238400,2022-07-08,152994845311
1657324800,2022-07-09,153143654455
1657411200,2022-07-10,153133611042
1657497600,2022-07-11,153024336436
1657584000,2022-07-12,153192337454
1657670400,2022-07-13,152886026474
1657756800,2022-07-14,152894125728
1657843200,2022-07-15,152968998675
1657929600,2022-07-16,152418193964
1658016000,2022-07-17,152492103464
1658102400,2022-07-18,152591483837
1658188800,2022-07-19,152835598936
1658275200,2022-07-20,152760685586
1658361600,2022-07-21,152956061355
1658448000,2022-07-22,152893066648
1658534400,2022-07-23,153034332901
1658620800,2022-07-24,153142682116
1658707200,2022-07-25,153131521974
1658793600,2022-07-26,153102465921
1658880000,2022-07-27,153018712719
1658966400,2022-07-28,153100698404
1659052800,2022-07-29,152908808046
1659139200,2022-07-30,153031796284
1659225600,2022-07-31,153037602872
1659312000,2022-08-01,153035978861
1659398400,2022-08-02,153366668936
1659484800,2022-08-03,153298874552
1659571200,2022-08-04,153263706338
1659657600,2022-08-05,153184081791
1659744000,2022-08-06,153337966640
1659830400,2022-08-07,153354329838
1659916800,2022-08-08,153280095795
1660003200,2022-08-09,153047702431
1660089600,2022-08-10,153128149769
1660176000,2022-08-11,153368674611
1660262400,2022-08-12,153304756768
1660348800,2022-08-13,153126458925
1660435200,2022-08-14,153365484399
1660521600,2022-08-15,152766628799
1660608000,2022-08-16,153069427104
1660694400,2022-08-17,152938953561
1660780800,2022-08-18,152901448182
1660867200,2022-08-19,152711862085
1660953600,2022-08-20,152632342304
1661040000,2022-08-21,152545534683
1661126400,2022-08-22,152500396065
1661212800,2022-08-23,152299517137
1661299200,2022-08-24,152430916281
1661385600,2022-08-25,152464811280
1661472000,2022-08-26,152478598536
1661558400,2022-08-27,152567589414
1661644800,2022-08-28,152640150651
1661731200,2022-08-29,152413483473
1661817600,2022-08-30,152572153352
1661904000,2022-08-31,152892094784
1661990400,2022-09-01,152682714320
1662076800,2022-09-02,152628816369
1662163200,2022-09-03,152431337736
1662249600,2022-09-04,152460206349
1662336000,2022-09-05,152317319957
1662422400,2022-09-06,152217063780
1662508800,2022-09-07,152221908377
1662595200,2022-09-08,152326058960
1662681600,2022-09-09,152484717824
1662768000,2022-09-10,152592247408
1662854400,2022-09-11,152715955343
1662940800,2022-09-12,152714070915
1663027200,2022-09-13,152661144614
1663113600,2022-09-14,152662239683
1663200000,2022-09-15,152299187086
1663286400,2022-09-16,152065260089
1663372800,2022-09-17,151904440891
1663459200,2022-09-18,151993159170
1663545600,2022-09-19,151925230201
1663632000,2022-09-20,152068040656
1663718400,2022-09-21,152324321309
1663804800,2022-09-22,152164261218
1663891200,2022-09-23,152171581841
1663977600,2022-09-24,151970265913
1664064000,2022-09-25,151924506469
1664150400,2022-09-26,151641559982
1664236800,2022-09-27,150900086061
1664323200,2022-09-28,150774550200
1664409600,2022-09-29,150266412349
1664496000,2022-09-30,149782522044
1664582400,2022-10-01,148534289719
1664668800,2022-10-02,148539809716
1664755200,2022-10-03,148566482884
1664841600,2022-10-04,148347396471
1664928000,2022-10-05,148312422953
1665014400,2022-10-06,148381965919
1665100800,2022-10-07,148421078369
1665187200,2022-10-08,148581389160
1665273600,2022-10-09,148585806312
1665360000,2022-10-10,148573164527
1665446400,2022-10-11,148371633217
1665532800,2022-10-12,148260922128
1665619200,2022-10-13,147752653735
1665705600,2022-10-14,147330620805
1665792000,2022-10-15,146912870354
1665878400,2022-10-16,146897598980
1665964800,2022-10-17,146826078856
1666051200,2022-10-18,146626633050
1666137600,2022-10-19,146530909143
1666224000,2022-10-20,146437137070
1666310400,2022-10-21,146031509503
1666396800,2022-10-22,145831545761
1666483200,2022-10-23,145889717000
1666569600,2022-10-24,145927772127
1666656000,2022-10-25,145598858132
1666742400,2022-10-26,145482360623
1666828800,2022-10-27,145666860323
1666915200,2022-10-28,145583511788
1667001600,2022-10-29,145692203740
1667088000,2022-10-30,145795451631
1667174400,2022-10-31,145886195354
1667260800,2022-11-01,145466255320
1667347200,2022-11-02,145486828604
1667433600,2022-11-03,145351926212
1667520000,2022-11-04,145483770975
1667606400,2022-11-05,145670721472
1667692800,2022-11-06,145716694197
1667779200,2022-11-07,146074961238
1667865600,2022-11-08,147059589637
1667952000,2022-11-09,147348247212
1668038400,2022-11-10,145579134291
1668124800,2022-11-11,146005309444
1668211200,2022-11-12,145839571885
1668297600,2022-11-13,145128120668
1668384000,2022-11-14,144956239716
1668470400,2022-11-15,144767267948
1668556800,2022-11-16,144812437758
1668643200,2022-11-17,144390194937
1668729600,2022-11-18,144027063028
1668816000,2022-11-19,144215835407
1668902400,2022-11-20,144216274805
1668988800,2022-11-21,144279257544
1669075200,2022-11-22,143393900908
1669161600,2022-11-23,143394813118
1669248000,2022-11-24,142758407844
1669334400,2022-11-25,143007668953
1669420800,2022-11-26,142706637154
1669507200,2022-11-27,142883024253
1669593600,2022-11-28,142876775451
1669680000,2022-11-29,141831963305
1669766400,2022-11-30,141197418951
1669852800,2022-12-01,141049677683
1669939200,2022-12-02,140882666907
1670025600,2022-12-03,141147164841
1670112000,2022-12-04,141316571816
1670198400,2022-12-05,141422288801
1670284800,2022-12-06,141172009446
1670371200,2022-12-07,141032758919
1670457600,2022-12-08,140865981355
1670544000,2022-12-09,140803987086
1670630400,2022-12-10,140723745263
1670716800,2022-12-11,140770197447
1670803200,2022-12-12,140881965346
1670889600,2022-12-13,140576261307
1670976000,2022-12-14,140193257055
1671062400,2022-12-15,139978311286
1671148800,2022-12-16,140006289213
1671235200,2022-12-17,139544837710
1671321600,2022-12-18,139714807785
1671408000,2022-12-19,139735872509
1671494400,2022-12-20,139371089491
1671580800,2022-12-21,139120646867
1671667200,2022-12-22,138893961149
1671753600,2022-12-23,138752036673
1671840000,2022-12-24,138251665212
1671926400,2022-12-25,138299436186
1672012800,2022-12-26,138305707977
1672099200,2022-12-27,138291202883
1672185600,2022-12-28,137817541985
1672272000,2022-12-29,137836107202
1672358400,2022-12-30,137747871859
1672444800,2022-12-31,137620330926
1672531200,2023-01-01,137514861893
1672617600,2023-01-02,137613286885
1672704000,2023-01-03,137608209292
1672790400,2023-01-04,137275961165
1672876800,2023-01-05,137228597411
1672963200,2023-01-06,136937032515
1673049600,2023-01-07,136624637285
1673136000,2023-01-08,136762393211
1673222400,2023-01-09,136741852890
1673308800,2023-01-10,136494633326
1673395200,2023-01-11,136675232446
1673481600,2023-01-12,136742809209
1673568000,2023-01-13,136848639536
1673654400,2023-01-14,136598497379
1673740800,2023-01-15,136790630455
1673827200,2023-01-16,136962871598
1673913600,2023-01-17,136884436492
1674000000,2023-01-18,136427871666
1674086400,2023-01-19,136308214005
1674172800,2023-01-20,136262095794
1674259200,2023-01-21,136458429061
1674345600,2023-01-22,136739241745
1674432000,2023-01-23,136839569417
1674518400,2023-01-24,136677996733
1674604800,2023-01-25,136699673019
1674691200,2023-01-26,136994585889
1674777600,2023-01-27,137200023170
1674864000,2023-01-28,137028427991
1674950400,2023-01-29,137184271091
1675036800,2023-01-30,137138290173
1675123200,2023-01-31,136805208233
1675209600,2023-02-01,136884244702
1675296000,2023-02-02,136835572225
1675382400,2023-02-03,137107913638
1675468800,2023-02-04,136831463399
1675555200,2023-02-05,136857174959
1675641600,2023-02-06,136899300397
1675728000,2023-02-07,136775028996
1675814400,2023-02-08,136583220681
1675900800,2023-02-09,136450051872
1675987200,2023-02-10,136311037443
1676073600,2023-02-11,136316814298
1676160000,2023-02-12,136311082014
1676246400,2023-02-13,136255062068
1676332800,2023-02-14,136367050838
1676419200,2023-02-15,136223498810
1676505600,2023-02-16,135839951594
1676592000,2023-02-17,135967509401
1676678400,2023-02-18,135905822429
1676764800,2023-02-19,135924308087
1676851200,2023-02-20,135973160296
1676937600,2023-02-21,135643997899
1677024000,2023-02-22,135412813628
1677110400,2023-02-23,135150011054
1677196800,2023-02-24,135011638104
1677283200,2023-02-25,135000210628
1677369600,2023-02-26,135120486124
1677456000,2023-02-27,135042355109
1677542400,2023-02-28,134745027217
1677628800,2023-03-01,134605509131
1677715200,2023-03-02,134437940220
1677801600,2023-03-03,134610631897
1677888000,2023-03-04,134632997694
1677974400,2023-03-05,134721714952
1678060800,2023-03-06,134790515393
1678147200,2023-03-07,134585974186
1678233600,2023-03-08,134618795612
1678320000,2023-03-09,134511991680
1678406400,2023-03-10,134516142432
1678492800,2023-03-11,134160289099
1678579200,2023-03-12,131318209953
1678665600,2023-03-13,134864237941
1678752000,2023-03-14,133529355902
1678838400,2023-03-15,132401518163
1678924800,2023-03-16,132757724334
1679011200,2023-03-17,132853225213
1679097600,2023-03-18,132839413299
1679184000,2023-03-19,133221218818
1679270400,2023-03-20,132949094438
1679356800,2023-03-21,133252166912
1679443200,2023-03-22,133076195094
1679529600,2023-03-23,132904313736
1679616000,2023-03-24,133090356070
1679702400,2023-03-25,133394725907
1679788800,2023-03-26,133636919218
1679875200,2023-03-27,132777204088
1679961600,2023-03-28,132363110845
1680048000,2023-03-29,131999937275
1680134400,2023-03-30,131949464291
1680220800,2023-03-31,131956163992
1680307200,2023-04-01,131443992239
1680393600,2023-04-02,131369479492
1680480000,2023-04-03,131592182214
1680566400,2023-04-04,132148373172
1680652800,2023-04-05,131513660624
1680739200,2023-04-06,131449089616
1680825600,2023-04-07,131658962532
1680912000,2023-04-08,131668101173
1680998400,2023-04-09,131856329165
1681084800,2023-04-10,131542040753
1681171200,2023-04-11,131645167007
1681257600,2023-04-12,131588162561
1681344000,2023-04-13,131510903993
1681430400,2023-04-14,131629224279
1681516800,2023-04-15,131577412127
1681603200,2023-04-16,131468391247
1681689600,2023-04-17,131388961310
1681776000,2023-04-18,131261785943
1681862400,2023-04-19,130990828032
1681948800,2023-04-20,131030143153
1682035200,2023-04-21,130858521478
1682121600,2023-04-22,129645045290
1682208000,2023-04-23,130521597099
1682294400,2023-04-24,130555595007
1682380800,2023-04-25,130489113611
1682467200,2023-04-26,130319202968
1682553600,2023-04-27,130484022817
1682640000,2023-04-28,130287114846
1682726400,2023-04-29,130170039103
1682812800,2023-04-30,130109954682
1682899200,2023-05-01,130144384153
1682985600,2023-05-02,130476424544
1683072000,2023-05-03,130502276707
1683158400,2023-05-04,130097219614
1683244800,2023-05-05,129964258148
1683331200,2023-05-06,130463607531
1683417600,2023-05-07,130383577331
1683504000,2023-05-08,130217959868
1683590400,2023-05-09,130303607653
1683676800,2023-05-10,130432652989
1683763200,2023-05-11,130281625431
1683849600,2023-05-12,130202781806
1683936000,2023-05-13,130243854560
1684022400,2023-05-14,130215618723
1684108800,2023-05-15,130211032320
1684195200,2023-05-16,130121957644
1684281600,2023-05-17,129943932560
1684368000,2023-05-18,129676373451
1684454400,2023-05-19,129800894222
1684540800,2023-05-20,129674100530
1684627200,2023-05-21,129799990768
1684713600,2023-05-22,129693936205
1684800000,2023-05-23,129579106942
1684886400,2023-05-24,129507785057
1684972800,2023-05-25,129107985308
1685059200,2023-05-26,129085613147
1685145600,2023-05-27,129077335219
1685232000,2023-05-28,129110126672
1685318400,2023-05-29,129160274846
1685404800,2023-05-30,129143422664
1685491200,2023-05-31,129099179300
1685577600,2023-06-01,129047656985
1685664000,2023-06-02,128976154139
1685750400,2023-06-03,129010576245
1685836800,2023-06-04,128924989282
1685923200,2023-06-05,128967174632
1686009600,2023-06-06,128830154519
1686096000,2023-06-07,128688410966
1686182400,2023-06-08,128560683302
1686268800,2023-06-09,128480913919
1686355200,2023-06-10,127990122088
1686441600,2023-06-11,128124120056
1686528000,2023-06-12,128181958195
1686614400,2023-06-13,127895659443
1686700800,2023-06-14,127757939645
1686787200,2023-06-15,127534171551
1686873600,2023-06-16,128337493432
1686960000,2023-06-17,128527121887
1687046400,2023-06-18,128189784679
1687132800,2023-06-19,128186699204
1687219200,2023-06-20,128301235634
1687305600,2023-06-21,128851505340
1687392000,2023-06-22,128389551186
1687478400,2023-06-23,128371967142
1687564800,2023-06-24,128446056314
1687651200,2023-06-25,128738343847
1687737600,2023-06-26,128504782746
1687824000,2023-06-27,128456103765
1687910400,2023-06-28,128511928247
1687996800,2023-06-29,128005823728
1688083200,2023-06-30,127951044815
1688169600,2023-07-01,127352037451
1688256000,2023-07-02,127324750266
1688342400,2023-07-03,127367939382
1688428800,2023-07-04,127550798447
1688515200,2023-07-05,127669758792
1688601600,2023-07-06,127498976053
1688688000,2023-07-07,127101378924
1688774400,2023-07-08,127099770126
1688860800,2023-07-09,127059026898
1688947200,2023-07-10,126946426102
1689033600,2023-07-11,126859656171
1689120000,2023-07-12,126705392110
1689206400,2023-07-13,126579287710
1689292800,2023-07-14,126849247807
1689379200,2023-07-15,126852901014
1689465600,2023-07-16,126899560725
1689552000,2023-07-17,126818154082
1689638400,2023-07-18,126654335314
1689724800,2023-07-19,126598368872
1689811200,2023-07-20,126319991767
1689897600,2023-07-21,126276712201
1689984000,2023-07-22,126125301321
1690070400,2023-07-23,126122702892
1690156800,2023-07-24,126025358340
1690243200,2023-07-25,125825699718
1690329600,2023-07-26,125736550692
1690416000,2023-07-27,125716382449
1690502400,2023-07-28,125543063745
1690588800,2023-07-29,125382511082
1690675200,2023-07-30,125623544240
1690761600,2023-07-31,125502614389
1690848000,2023-08-01,125435734649
1690934400,2023-08-02,125221390357
1691020800,2023-08-03,125042153104
1691107200,2023-08-04,124788388560
1691193600,2023-08-05,124538642883
1691280000,2023-08-06,124570845896
1691366400,2023-08-07,124522698557
1691452800,2023-08-08,124386606509
1691539200,2023-08-09,124608517309
1691625600,2023-08-10,124525992008
1691712000,2023-08-11,124269386204
1691798400,2023-08-12,124167632145
1691884800,2023-08-13,124277067857
1691971200,2023-08-14,124311817296
1692057600,2023-08-15,123863463375
1692144000,2023-08-16,123565949125
1692230400,2023-08-17,123253419816
1692316800,2023-08-18,123229077948
1692403200,2023-08-19,122877324102
1692489600,2023-08-20,123095156120
1692576000,2023-08-21,123214756719
1692662400,2023-08-22,124274119676
1692748800,2023-08-23,124167964059
1692835200,2023-08-24,124210584375
1692921600,2023-08-25,124272337173
1693008000,2023-08-26,124316614557
1693094400,2023-08-27,124328546167
1693180800,2023-08-28,124440739283
1693267200,2023-08-29,124498825919
1693353600,2023-08-30,124938116337
1693440000,2023-08-31,125063810847
1693526400,2023-09-01,125074007911
1693612800,2023-09-02,125066455975
1693699200,2023-09-03,125059980385
1693785600,2023-09-04,125096047764
1693872000,2023-09-05,124837411515
1693958400,2023-09-06,124379518697
1694044800,2023-09-07,124193804803
1694131200,2023-09-08,123969196250
1694217600,2023-09-09,124094609239
1694304000,2023-09-10,124165448509
1694390400,2023-09-11,124334694898
1694476800,2023-09-12,124097934068
1694563200,2023-09-13,124245137326
1694649600,2023-09-14,124259821143
1694736000,2023-09-15,124229961181
1694822400,2023-09-16,124102255187
1694908800,2023-09-17,124201537374
1694995200,2023-09-18,124225511831
1695081600,2023-09-19,124167525606
1695168000,2023-09-20,124282250378
1695254400,2023-09-21,124268623921
1695340800,2023-09-22,124194185167
1695427200,2023-09-23,124276428459
1695513600,2023-09-24,124289530045
1695600000,2023-09-25,124334421290
1695686400,2023-09-26,124114724565
1695772800,2023-09-27,124006269473
1695859200,2023-09-28,123930960043
1695945600,2023-09-29,124118904174
1696032000,2023-09-30,123676059023
1696118400,2023-10-01,123791090090
1696204800,2023-10-02,123821989900
1696291200,2023-10-03,123994807165
1696377600,2023-10-04,123843113010
1696464000,2023-10-05,123709180446
1696550400,2023-10-06,123890540670
1696636800,2023-10-07,124150134241
1696723200,2023-10-08,124138788769
1696809600,2023-10-09,124203364160
1696896000,2023-10-10,124251932366
1696982400,2023-10-11,123947827860
1697068800,2023-10-12,123714856079
1697155200,2023-10-13,123500188631
1697241600,2023-10-14,123493652163
1697328000,2023-10-15,123546226852
1697414400,2023-10-16,123615123414
1697500800,2023-10-17,123679030697
1697587200,2023-10-18,123870592629
1697673600,2023-10-19,124101469855
1697760000,2023-10-20,124695617465
1697846400,2023-10-21,124609497798
1697932800,2023-10-22,124582406267
1698019200,2023-10-23,124547326767
1698105600,2023-10-24,124839983203
1698192000,2023-10-25,124069260110
1698278400,2023-10-26,124469752506
1698364800,2023-10-27,124464043251
1698451200,2023-10-28,124205230802
1698537600,2023-10-29,124218412412
1698624000,2023-10-30,124340609281
1698710400,2023-10-31,124158996305
1698796800,2023-11-01,124060917605
1698883200,2023-11-02,124327994594
1698969600,2023-11-03,124214523814
1699056000,2023-11-04,124592157396
1699142400,2023-11-05,124745588255
1699228800,2023-11-06,124811047871
1699315200,2023-11-07,124853804519
1699401600,2023-11-08,125193220948
1699488000,2023-11-09,125146670530
1699574400,2023-11-10,125277844955
1699660800,2023-11-11,125565511936
1699747200,2023-11-12,125623949130
1699833600,2023-11-13,125636619287
1699920000,2023-11-14,125797085902
1700006400,2023-11-15,125652235514
1700092800,2023-11-16,125983895438
1700179200,2023-11-17,126319368758
1700265600,2023-11-18,126505294996
1700352000,2023-11-19,126667611592
1700438400,2023-11-20,126655197269
1700524800,2023-11-21,127122200475
1700611200,2023-11-22,127208821077
1700697600,2023-11-23,127234981893
1700784000,2023-11-24,127224202388
1700870400,2023-11-25,127855835195
1700956800,2023-11-26,127835735235
1701043200,2023-11-27,127805101461
1701129600,2023-11-28,127649042066
1701216000,2023-11-29,127944655269
1701302400,2023-11-30,128025217778
1701388800,2023-12-01,128122209854
1701475200,2023-12-02,128283475838
1701561600,2023-12-03,128348884274
1701648000,2023-12-04,128469082362
1701734400,2023-12-05,128278384154
1701820800,2023-12-06,128554736791
1701907200,2023-12-07,128591600506
1701993600,2023-12-08,128591691985
1702080000,2023-12-09,128827043785
1702166400,2023-12-10,129151023358
1702252800,2023-12-11,129118086716
1702339200,2023-12-12,128917907900
1702425600,2023-12-13,128277584391
1702512000,2023-12-14,128700331314
1702598400,2023-12-15,128884361685
1702684800,2023-12-16,129129087925
1702771200,2023-12-17,129286182654
1702857600,2023-12-18,129241064374
1702944000,2023-12-19,129193298805
1703030400,2023-12-20,129641087253
1703116800,2023-12-21,129990192269
1703203200,2023-12-22,129974488295
1703289600,2023-12-23,130321806917
1703376000,2023-12-24,130489765924
1703462400,2023-12-25,130429277269
1703548800,2023-12-26,130390391582
1703635200,2023-12-27,130080481691
1703721600,2023-12-28,130535667125
1703808000,2023-12-29,130355725135
1703894400,2023-12-30,130450551765
1703980800,2023-12-31,130352240162
1704067200,2024-01-01,130086763161
1704153600,2024-01-02,130610700268
1704240000,2024-01-03,130743305876
1704326400,2024-01-04,131281388115
1704412800,2024-01-05,131970419905
1704499200,2024-01-06,132383626071
1704585600,2024-01-07,132761030209
1704672000,2024-01-08,132688633711
1704758400,2024-01-09,132966265972
1704844800,2024-01-10,132932191963
1704931200,2024-01-11,133394694774
1705017600,2024-01-12,133714174090
1705104000,2024-01-13,133064985999
1705190400,2024-01-14,133700709839
1705276800,2024-01-15,133860933706
1705363200,2024-01-16,133545527233
1705449600,2024-01-17,133519175862
1705536000,2024-01-18,134050056198
1705622400,2024-01-19,133423188253
1705708800,2024-01-20,133594947806
1705795200,2024-01-21,133814222642
1705881600,2024-01-22,133534278026
1705968000,2024-01-23,133679799434
1706054400,2024-01-24,134472641980
1706140800,2024-01-25,134310882967
1706227200,2024-01-26,134500669614
1706313600,2024-01-27,134723204753
1706400000,2024-01-28,134796377991
1706486400,2024-01-29,134857260956
1706572800,2024-01-30,135179691263
1706659200,2024-01-31,134992736986
1706745600,2024-02-01,135027689664
1706832000,2024-02-02,135399166266
1706918400,2024-02-03,135373520196
1707004800,2024-02-04,135331213313
1707091200,2024-02-05,135408325169
1707177600,2024-02-06,135252581013
1707264000,2024-02-07,135593704380
1707350400,2024-02-08,135914474081
1707436800,2024-02-09,136211623066
1707523200,2024-02-10,136436441080
1707609600,2024-02-11,136707303076
1707696000,2024-02-12,136936003054
1707782400,2024-02-13,136531093553
1707868800,2024-02-14,136715805516
1707955200,2024-02-15,137676727592
1708041600,2024-02-16,137508593996
1708128000,2024-02-17,137864408191
1708214400,2024-02-18,138052103426
1708300800,2024-02-19,137947623782
1708387200,2024-02-20,137953550696
1708473600,2024-02-21,138053160417
1708560000,2024-02-22,138083734545
1708646400,2024-02-23,138444356655
1708732800,2024-02-24,139065480433
1708819200,2024-02-25,138825658072
1708905600,2024-02-26,138939690574
1708992000,2024-02-27,139393888399
1709078400,2024-02-28,139972354373
1709164800,2024-02-29,140445604964
1709251200,2024-03-01,140999425091
1709337600,2024-03-02,141549622838
1709424000,2024-03-03,141656494984
1709510400,2024-03-04,142054590759
1709596800,2024-03-05,142209688289
1709683200,2024-03-06,142461942387
1709769600,2024-03-07,142695046878
1709856000,2024-03-08,143220980508
1709942400,2024-03-09,144509810938
1710028800,2024-03-10,144806160153
1710115200,2024-03-11,144939994648
1710201600,2024-03-12,145690915505
1710288000,2024-03-13,145944205331
1710374400,2024-03-14,146962378357
1710460800,2024-03-15,147237130715
1710547200,2024-03-16,147010827933
1710633600,2024-03-17,147140887900
1710720000,2024-03-18,146810130193
1710806400,2024-03-19,147644411229
1710892800,2024-03-20,147901408339
1710979200,2024-03-21,147429253251
1711065600,2024-03-22,147998408794
1711152000,2024-03-23,148040970522
1711238400,2024-03-24,148375669959
1711324800,2024-03-25,148203828959
1711411200,2024-03-26,149539631230
1711497600,2024-03-27,149832468759
1711584000,2024-03-28,149795655378
1711670400,2024-03-29,150044546596
1711756800,2024-03-30,150238705205
1711843200,2024-03-31,150476619401
1711929600,2024-04-01,150217548463
1712016000,2024-04-02,150634499152
1712102400,2024-04-03,151278561070
1712188800,2024-04-04,152660074549
1712275200,2024-04-05,153539959068
1712361600,2024-04-06,154541914135
1712448000,2024-04-07,154669499287
1712534400,2024-04-08,154444000451
1712620800,2024-04-09,154469454846
1712707200,2024-04-10,154257867352
1712793600,2024-04-11,153965019329
1712880000,2024-04-12,154556974049
1712966400,2024-04-13,154748623285
1713052800,2024-04-14,155351015520
1713139200,2024-04-15,155382884451
1713225600,2024-04-16,155924756345
1713312000,2024-04-17,156918355648
1713398400,2024-04-18,154627781077
1713484800,2024-04-19,157858980584
1713571200,2024-04-20,156534023055
1713657600,2024-04-21,156647081102
1713744000,2024-04-22,158823150908
1713830400,2024-04-23,159283471921
1713916800,2024-04-24,159319140634
1714003200,2024-04-25,159859268942
1714089600,2024-04-26,159894493408
1714176000,2024-04-27,159684499543
1714262400,2024-04-28,159862059896
1714348800,2024-04-29,159854038130
1714435200,2024-04-30,159576709687
1714521600,2024-05-01,159732234721
1714608000,2024-05-02,159365648955
1714694400,2024-05-03,159507788283
1714780800,2024-05-04,160156694977
1714867200,2024-05-05,160368095984
1714953600,2024-05-06,160567623113
1715040000,2024-05-07,160387921354
1715126400,2024-05-08,160130242827
1715212800,2024-05-09,160024890412
1715299200,2024-05-10,160071453286
1715385600,2024-05-11,159858910754
1715472000,2024-05-12,159990756005
1715558400,2024-05-13,159945352800
1715644800,2024-05-14,160161010894
1715731200,2024-05-15,159811725695
1715817600,2024-05-16,160389282279
1715904000,2024-05-17,160528115387
1715990400,2024-05-18,160685686559
1716076800,2024-05-19,161117603069
1716163200,2024-05-20,161069844079
1716249600,2024-05-21,160765966326
1716336000,2024-05-22,160846847833
1716422400,2024-05-23,160800154739
1716508800,2024-05-24,160616603592
1716595200,2024-05-25,161069692717
1716681600,2024-05-26,161071877942
1716768000,2024-05-27,160774179402
1716854400,2024-05-28,160694108770
1716940800,2024-05-29,160429779345
1717027200,2024-05-30,160093085782
1717113600,2024-05-31,160512865863
1717200000,2024-06-01,160634508645
1717286400,2024-06-02,160688608343
1717372800,2024-06-03,160592625199
1717459200,2024-06-04,160782679183
1717545600,2024-06-05,161071026659
1717632000,2024-06-06,161168488261
1717718400,2024-06-07,161417722218
1717804800,2024-06-08,161739363877
1717891200,2024-06-09,161914512183
1717977600,2024-06-10,161836564471
1718064000,2024-06-11,161509035718
1718150400,2024-06-12,161334531708
1718236800,2024-06-13,161593202228
1718323200,2024-06-14,161684541368
1718409600,2024-06-15,161737650341
1718496000,2024-06-16,161603201142
1718582400,2024-06-17,161694695146
1718668800,2024-06-18,161395176060
1718755200,2024-06-19,161845515661
1718841600,2024-06-20,161539035844
1718928000,2024-06-21,161735316120
1719014400,2024-06-22,162022434429
1719100800,2024-06-23,162035686622
1719187200,2024-06-24,161747013571
1719273600,2024-06-25,161687124521
1719360000,2024-06-26,161710666541
1719446400,2024-06-27,161749670549
1719532800,2024-06-28,161792853671
1719619200,2024-06-29,161401124907
1719705600,2024-06-30,161400499860
1719792000,2024-07-01,161277280904
1719878400,2024-07-02,161484029456
1719964800,2024-07-03,161265429185
1720051200,2024-07-04,161333457765
1720137600,2024-07-05,161658096830
1720224000,2024-07-06,162032553539
1720310400,2024-07-07,162101612126
1720396800,2024-07-08,162267742167
1720483200,2024-07-09,162131068998
1720569600,2024-07-10,162428918414
1720656000,2024-07-11,162787915454
1720742400,2024-07-12,162861628898
1720828800,2024-07-13,162574628552
1720915200,2024-07-14,162851862348
1721001600,2024-07-15,163258739678
1721088000,2024-07-16,163331032463
1721174400,2024-07-17,163615525967
1721260800,2024-07-18,163814554903
1721347200,2024-07-19,163799902527
1721433600,2024-07-20,164753300696
1721520000,2024-07-21,164895531940
1721606400,2024-07-22,164746257444
1721692800,2024-07-23,164858075405
1721779200,2024-07-24,165074372216
1721865600,2024-07-25,164902605458
1721952000,2024-07-26,164597037044
1722038400,2024-07-27,164694684115
1722124800,2024-07-28,164866865826
1722211200,2024-07-29,164854506957
1722297600,2024-07-30,164494393931
1722384000,2024-07-31,164594778680
1722470400,2024-08-01,164396366605
1722556800,2024-08-02,163997105220
1722643200,2024-08-03,164109971167
1722729600,2024-08-04,164186009625
1722816000,2024-08-05,164334055214
1722902400,2024-08-06,164416365269
1722988800,2024-08-07,164889806684
1723075200,2024-08-08,166523643925
1723161600,2024-08-09,166162683171
1723248000,2024-08-10,166524960970
1723334400,2024-08-11,166129433656
1723420800,2024-08-12,166554872127
1723507200,2024-08-13,166792870459
1723593600,2024-08-14,167164639959
1723680000,2024-08-15,167942128300
1723766400,2024-08-16,168152429006
1723852800,2024-08-17,168755538770
1723939200,2024-08-18,168846168988
1724025600,2024-08-19,168831616078
1724112000,2024-08-20,168650444916
1724198400,2024-08-21,169084878294
1724284800,2024-08-22,169494915648
1724371200,2024-08-23,169501959349
1724457600,2024-08-24,170265093541
1724544000,2024-08-25,170476652103
1724630400,2024-08-26,170450424752
1724716800,2024-08-27,170190862078
1724803200,2024-08-28,170268347075
1724889600,2024-08-29,170494595762
1724976000,2024-08-30,170580794329
1725062400,2024-08-31,170484083991
1725148800,2024-09-01,170326531615
1725235200,2024-09-02,170654029475
1725321600,2024-09-03,170519383837
1725408000,2024-09-04,170147386791
1725494400,2024-09-05,170617998111
1725580800,2024-09-06,170323761420
1725667200,2024-09-07,170288410503
1725753600,2024-09-08,170401597700
1725840000,2024-09-09,170384340254
1725926400,2024-09-10,171189269363
1726012800,2024-09-11,171059425169
1726099200,2024-09-12,170944006420
1726185600,2024-09-13,170719317996
1726272000,2024-09-14,171475965805
1726358400,2024-09-15,172160416026
1726444800,2024-09-16,171803302525
1726531200,2024-09-17,171435974038
1726617600,2024-09-18,172182194647
1726704000,2024-09-19,172264556923
1726790400,2024-09-20,172163776953
1726876800,2024-09-21,172744846574
1726963200,2024-09-22,172987890494
1727049600,2024-09-23,173039475098
1727136000,2024-09-24,172942559684
1727222400,2024-09-25,172829765665
1727308800,2024-09-26,173065210884
1727395200,2024-09-27,173525033976
1727481600,2024-09-28,173419917404
1727568000,2024-09-29,173439042860
1727654400,2024-09-30,173282216985
1727740800,2024-10-01,172643498781
1727827200,2024-10-02,173051299465
1727913600,2024-10-03,173175210709
1728000000,2024-10-04,173059128342
1728086400,2024-10-05,173093773039
1728172800,2024-10-06,173883557023
1728259200,2024-10-07,172653184590
1728345600,2024-10-08,173254509427
1728432000,2024-10-09,173335593718
1728518400,2024-10-10,173373962536
1728604800,2024-10-11,172994521191
1728691200,2024-10-12,173372910283
1728777600,2024-10-13,173646377762
1728864000,2024-10-14,173957553704
1728950400,2024-10-15,173237044439
1729036800,2024-10-16,173428832451
1729123200,2024-10-17,173012078466
1729209600,2024-10-18,172988788716
1729296000,2024-10-19,173304465645
1729382400,2024-10-20,173321370517
1729468800,2024-10-21,173219755210
1729555200,2024-10-22,173409340083
1729641600,2024-10-23,173277559557
1729728000,2024-10-24,172775377046
1729814400,2024-10-25,172142318890
1729900800,2024-10-26,173017440966
1729987200,2024-10-27,173099591416
1730073600,2024-10-28,173526148932
1730160000,2024-10-29,172759027186
1730246400,2024-10-30,173364672619
1730332800,2024-10-31,173761325762
1730419200,2024-11-01,173009742279
1730505600,2024-11-02,173465690763
1730592000,2024-11-03,173534166131
1730678400,2024-11-04,173979785889
1730764800,2024-11-05,174346480727
1730851200,2024-11-06,174327460413
1730937600,2024-11-07,176584796586
1731024000,2024-11-08,177349347802
1731110400,2024-11-09,178766682271
1731196800,2024-11-10,178527933421
1731283200,2024-11-11,179755356810
1731369600,2024-11-12,179504217897
1731456000,2024-11-13,180087299307
1731542400,2024-11-14,181059600723
1731628800,2024-11-15,182375932174
1731715200,2024-11-16,182660215315
1731801600,2024-11-17,183097373958
1731888000,2024-11-18,183245019436
1731974400,2024-11-19,184165858944
1732060800,2024-11-20,184971336235
1732147200,2024-11-21,186847294970
1732233600,2024-11-22,188067303673
1732320000,2024-11-23,189796325132
1732406400,2024-11-24,191044839237
1732492800,2024-11-25,190979877484
1732579200,2024-11-26,189927336649
1732665600,2024-11-27,190165169632
1732752000,2024-11-28,191896230528
1732838400,2024-11-29,189147574026
1732924800,2024-11-30,193095485504
1733011200,2024-12-01,193718662171
1733097600,2024-12-02,193846467221
1733184000,2024-12-03,194779348919
1733270400,2024-12-04,195128171366
1733356800,2024-12-05,196592364247
1733443200,2024-12-06,197164009245
1733529600,2024-12-07,198173253397
1733616000,2024-12-08,198606344824
1733702400,2024-12-09,199626962482
1733788800,2024-12-10,199544251817
1733875200,2024-12-11,199942823571
1733961600,2024-12-12,202173965945
1734048000,2024-12-13,202659604456
1734134400,2024-12-14,203558213365
1734220800,2024-12-15,203838767613
1734307200,2024-12-16,204080527808
1734393600,2024-12-17,204583802622
1734480000,2024-12-18,204775018373
1734566400,2024-12-19,204850215302
1734652800,2024-12-20,205358149540
1734739200,2024-12-21,205418232245
1734825600,2024-12-22,205461710726
1734912000,2024-12-23,206133261639
1734998400,2024-12-24,205791107539
1735084800,2024-12-25,206080779300
1735171200,2024-12-26,206334968633
1735257600,2024-12-27,206983575485
1735344000,2024-12-28,207248986004
1735430400,2024-12-29,207018496526
1735516800,2024-12-30,206404918493
1735603200,2024-12-31,205710851946
1735689600,2025-01-01,205215930640
1735776000,2025-01-02,204761476090
1735862400,2025-01-03,206702067503
1735948800,2025-01-04,208445595413
1736035200,2025-01-05,208409126495
1736121600,2025-01-06,208205421323
1736208000,2025-01-07,208473440160
1736294400,2025-01-08,208088655806
1736380800,2025-01-09,208188723223
1736467200,2025-01-10,207779320266
1736553600,2025-01-11,208109504671
1736640000,2025-01-12,207849450657
1736726400,2025-01-13,208150042525
1736812800,2025-01-14,208074828868
1736899200,2025-01-15,208522038344
1736985600,2025-01-16,209229669795
1737072000,2025-01-17,209445827755
1737158400,2025-01-18,211164562837
1737244800,2025-01-19,211139712407
1737331200,2025-01-20,211661747930
1737417600,2025-01-21,211714029009
1737504000,2025-01-22,214428003385
1737590400,2025-01-23,215749950523
1737676800,2025-01-24,216500862021
1737763200,2025-01-25,217116897533
1737849600,2025-01-26,217157788459
1737936000,2025-01-27,216968488148
1738022400,2025-01-28,217324593500
1738108800,2025-01-29,217790574522
1738195200,2025-01-30,217999258252
1738281600,2025-01-31,218669660484
1738368000,2025-02-01,218717089240
1738454400,2025-02-02,218794864283
1738540800,2025-02-03,218852520353
1738627200,2025-02-04,219804608944
1738713600,2025-02-05,222328246582
1738800000,2025-02-06,223807069767
1738886400,2025-02-07,224263508904
1738972800,2025-02-08,225389467901
1739059200,2025-02-09,225469348661
1739145600,2025-02-10,225592827876
1739232000,2025-02-11,225772817659
1739318400,2025-02-12,225798170979
1739404800,2025-02-13,226032710590
1739491200,2025-02-14,226081371789
1739577600,2025-02-15,226557884132
1739664000,2025-02-16,226700322557
1739750400,2025-02-17,226904127959
1739836800,2025-02-18,226645451994
1739923200,2025-02-19,226540443016
1740009600,2025-02-20,227355664079
1740096000,2025-02-21,227274239280
1740182400,2025-02-22,227971242660
1740268800,2025-02-23,227596054645
1740355200,2025-02-24,227747176519
1740441600,2025-02-25,227300249608
1740528000,2025-02-26,226199846664
1740614400,2025-02-27,225616073026
1740700800,2025-02-28,225431415185
1740787200,2025-03-01,226324907594
1740873600,2025-03-02,225597186483
1740960000,2025-03-03,225581505550
1741046400,2025-03-04,225717412260
1741132800,2025-03-05,226278894893
1741219200,2025-03-06,227284990852
1741305600,2025-03-07,227523402937
1741392000,2025-03-08,228464066822
1741478400,2025-03-09,228530142675
1741564800,2025-03-10,228417432949
1741651200,2025-03-11,228191149061
1741737600,2025-03-12,228971536316
1741824000,2025-03-13,229363989783
1741910400,2025-03-14,229557055543
1741996800,2025-03-15,230342668306
1742083200,2025-03-16,230331735569
1742169600,2025-03-17,230310365696
1742256000,2025-03-18,230502547453
1742342400,2025-03-19,230825319522
1742428800,2025-03-20,231564355172
1742515200,2025-03-21,231293657620
1742601600,2025-03-22,232237275560
1742688000,2025-03-23,233184981410
1742774400,2025-03-24,233535777166
1742860800,2025-03-25,234552206105
1742947200,2025-03-26,235498509163
1743033600,2025-03-27,235635803848
1743120000,2025-03-28,235046714050
1743206400,2025-03-29,234469919717
1743292800,2025-03-30,234865705731
1743379200,2025-03-31,234659927036
1743465600,2025-04-01,234866350202
1743552000,2025-04-02,235074112818
1743638400,2025-04-03,235485117430
1743724800,2025-04-04,235615805100
1743811200,2025-04-05,235288714901
1743897600,2025-04-06,234831187852
1743984000,2025-04-07,234375443777
1744070400,2025-04-08,234164318525
1744156800,2025-04-09,233798629190
1744243200,2025-04-10,233930231125
1744329600,2025-04-11,233800753184
1744416000,2025-04-12,233525644047
1744502400,2025-04-13,234041814467
1744588800,2025-04-14,233844155623
1744675200,2025-04-15,233817100487
1744761600,2025-04-16,234279094310
1744848000,2025-04-17,234477013128
1744934400,2025-04-18,235001912864
1745020800,2025-04-19,234320123354
1745107200,2025-04-20,234526692773
1745193600,2025-04-21,234707356602
1745280000,2025-04-22,234878043224
1745366400,2025-04-23,235928895578
1745452800,2025-04-24,236604512888
1745539200,2025-04-25,237504263147
1745625600,2025-04-26,238286001922
1745712000,2025-04-27,238920338403
1745798400,2025-04-28,239486503301
1745884800,2025-04-29,240341192670
1745971200,2025-04-30,241806147768
1746057600,2025-05-01,242064571306
1746144000,2025-05-02,242221589419
1746230400,2025-05-03,242634374909
1746316800,2025-05-04,243005537109
1746403200,2025-05-05,242979583815
1746489600,2025-05-06,242705535111
1746576000,2025-05-07,241931157013
1746662400,2025-05-08,242225561302
1746748800,2025-05-09,242869517101
1746835200,2025-05-10,242747040813
1746921600,2025-05-11,242961224764
1747008000,2025-05-12,242964485817
1747094400,2025-05-13,242748240963
1747180800,2025-05-14,242132618611
1747267200,2025-05-15,242542086204
1747353600,2025-05-16,243258083075
1747440000,2025-05-17,243803898619
1747526400,2025-05-18,243862242393
1747612800,2025-05-19,243853391164
1747699200,2025-05-20,243946190869
1747785600,2025-05-21,244415121451
1747872000,2025-05-22,245431524837
1747958400,2025-05-23,245947879837
1748044800,2025-05-24,246262109250
1748131200,2025-05-25,246556553506
1748217600,2025-05-26,247245593216
1748304000,2025-05-27,247480441491
1748390400,2025-05-28,247247016907
1748476800,2025-05-29,247236769442
1748563200,2025-05-30,247398314525
1748649600,2025-05-31,247427907623
1748736000,2025-06-01,247699859016
1748822400,2025-06-02,247958061749
1748908800,2025-06-03,248567700633
1748995200,2025-06-04,249103314009
1749081600,2025-06-05,249664034385
1749168000,2025-06-06,249302218670
1749254400,2025-06-07,249957331734.33017